alg,cl,Cn,Mu,FL,padj,overlapGenes
fc,1,1100,33,integral component of synaptic vesicle membrane (GO:0030285),1.3842319596863601e-14,"6804, 10228, 527, 6536, 114569, 6857, 8675, 6845, 535, 6844, 1182, 23673, 6843, 10159, 388662, 127833, 192683, 132204, 9341, 6855, 7781, 140679, 246213, 9522, 537, 3916, 8417, 143425, 10396, 9145, 55530, 7466, 91683"
fc,3,237,14,integral component of postsynaptic density membrane (GO:0099061),3.16943023184158e-05,"2895, 2894, 491, 1131, 1128, 64101, 57689, 8514, 81832, 4897, 57497, 57622, 80059, 26045"
fc,3,237,8,integral component of postsynaptic specialization membrane (GO:0099060),0.0004035295781476,"22871, 57555, 2556, 57502, 54413, 3752, 3751, 26045"
fc,3,237,6,neurotransmitter receptor localization to postsynaptic specialization membrane (GO:0099645),0.0013030890297081,"1742, 1740, 1739, 9369, 10243, 81832"
fc,10,37,6,integral component of presynaptic membrane (GO:0099056),0.0015235087985171,"2891, 2892, 2917, 1948, 2913, 6323"
fc,8,36,5,translation at presynapse (GO:0140236),0.0027045418061006,"6168, 6193, 6139, 6234, 6208"
fc,8,36,5,presynaptic ribosome(SYNGO:presyn_ribosome),0.0027045418061006,"6168, 6193, 6139, 6234, 6208"
fc,8,36,5,translation at postsynapse (GO:0140242),0.0027045418061006,"6168, 6193, 6139, 6234, 6208"
fc,3,237,11,integral component of postsynaptic membrane (GO:0099055),0.0044998705434587,"3739, 10675, 3736, 3759, 2894, 491, 1128, 3737, 4897, 3738, 3751"
fc,10,37,5,integral component of postsynaptic density membrane (GO:0099061),0.0047016515861086,"2891, 2892, 2045, 2893, 1948"
fc,10,37,4,integral component of presynaptic active zone membrane (GO:0099059),0.0047016515861086,"2891, 2892, 2917, 2893"
fc,3,237,3,voltage-gated ion channel activity involved in regulation of postsynaptic membrane potential (GO:1905030),0.0054650718128076,"3736, 3737, 3751"
fc,3,237,5,regulation of postsynaptic density assembly (GO:0099151),0.0058722584492406,"2895, 9378, 869, 57622, 26045"
fc,3,237,4,postsynaptic specialization assembly (GO:0098698),0.0058722584492406,"22871, 57555, 54413, 84628"
fc,3,237,6,regulation of presynapse assembly (GO:1905606),0.0060234618367108,"2895, 57555, 9378, 869, 84628, 266727"
fc,25,3,2,synaptic vesicle proton loading (GO:0097401),0.0063237611833324,"534, 9550"
fc,25,3,2,extrinsic component of synaptic vesicle membrane (GO:0098850),0.0063237611833324,"534, 9550"
fc,8,36,5,postsynaptic ribosome(SYNGO:postsyn_ribosome),0.0064708473965075,"6168, 6193, 6139, 6234, 6208"
fc,2,858,59,synapse (GO:0045202),0.0077995043849669,"26986, 3178, 4670, 3184, 1191, 1009, 10163, 70, 6136, 6230, 1008, 6204, 10949, 3191, 8497, 8541, 7415, 1809, 8499, 1965, 5911, 51386, 6201, 6159, 6224, 6009, 388, 6146, 26999, 6160, 6191, 1983, 55738, 11151, 4736, 6135, 9444, 2665, 1917, 84557, 1462, 6231, 8662, 6217, 345651, 6188, 6223, 4076, 221400, 6181, 5337, 1993, 6175, 221092, 8880, 8668, 8672, 9987, 6206"
fc,3,237,6,synapse adhesion between pre- and post-synapse (GO:0099560),0.0098582627375806,"22871, 9378, 64101, 22854, 57689, 84628"
fc,10,37,3,ligand-gated ion channel activity involved in regulation of presynaptic membrane potential (GO:0099507),0.0252530448613851,"2891, 2892, 2893"
fc,3,237,3,anchored component of postsynaptic density membrane (GO:0099031),0.0253818729493611,"1742, 1740, 4355"
fc,10,37,3,transmitter-gated ion channel activity involved in regulation of postsynaptic membrane potential (GO:1904315),0.0270051653961071,"2891, 2892, 2893"
fc,3,237,4,structural constituent of postsynaptic density (GO:0098919),0.0301436184387653,"1742, 1740, 1739, 4355"
fc,9,35,3,synaptic vesicle proton loading (GO:0097401),0.0349967344816559,"523, 51382, 526"
fc,3,237,10,modulation of chemical synaptic transmission (GO:0050804),0.0424054310803752,"29, 64101, 22854, 57689, 5332, 84628, 5141, 6792, 57497, 23096"
fc,10,37,2,"neurotransmitter receptor transport, endosome to postsynaptic membrane (GO:0098887)",0.045799722643848,"80852, 23426"
fc,9,35,3,extrinsic component of synaptic vesicle membrane (GO:0098850),0.0496497090234339,"523, 51382, 526"
infomap,19,83,9,structural constituent of postsynaptic density (GO:0098919),1.03509088490356e-12,"9863, 1742, 1740, 1741, 1739, 50944, 85358, 1501, 9229"
infomap,4,18,8,synaptic vesicle endocytosis (GO:0048488),1.0463559542620299e-11,"2060, 58513, 29924, 1213, 163, 6453, 1175, 85439"
infomap,26,155,15,integral component of synaptic vesicle membrane (GO:0030285),3.72165072549968e-11,"6804, 10228, 527, 6857, 8675, 6844, 23673, 6843, 388662, 127833, 132204, 9341, 7781, 8417, 55530"
infomap,43,9,6,integral component of postsynaptic specialization membrane (GO:0099060),4.1045671120272396e-11,"2561, 2560, 2562, 2554, 2555, 2566"
infomap,43,9,6,transmitter-gated ion channel activity involved in regulation of postsynaptic membrane potential (GO:1904315),4.1045671120272396e-11,"2561, 2560, 2562, 2554, 2555, 2566"
infomap,184,23,9,postsynaptic ribosome(SYNGO:postsyn_ribosome),1.5334272198831801e-09,"6165, 23521, 6194, 6159, 6156, 6129, 6229, 6161, 6228"
infomap,4,18,5,extrinsic component of presynaptic endocytic zone membrane (GO:0098894),2.08001417042222e-08,"2060, 58513, 29924, 163, 1175"
infomap,141,14,5,presynapse assembly (GO:0099054),2.71061489464929e-08,"5802, 5789, 8541, 8499, 8500"
infomap,256,4,4,synapse adhesion between pre- and post-synapse (GO:0099560),6.16975190835681e-08,"64101, 22854, 57689, 84628"
infomap,19,83,11,integral component of postsynaptic density membrane (GO:0099061),9.55926148648045e-08,"2903, 2904, 2906, 2902, 491, 1128, 8514, 81832, 4897, 57497, 80059"
infomap,141,14,5,synapse adhesion between pre- and post-synapse (GO:0099560),2.11642989929441e-07,"5802, 5792, 5789, 84631, 145581"
infomap,184,23,7,presynaptic ribosome(SYNGO:presyn_ribosome),2.38721056836941e-07,"6165, 23521, 6194, 6159, 6129, 6229, 6161"
infomap,192,18,7,postsynaptic ribosome(SYNGO:postsyn_ribosome),4.21041950526874e-07,"6224, 6147, 6217, 6209, 6188, 6223, 6222"
infomap,19,83,11,integral component of presynaptic membrane (GO:0099056),4.48433131976381e-07,"3739, 3736, 2903, 2904, 2906, 2902, 22859, 1128, 3737, 3738, 57101"
infomap,77,9,4,regulation of postsynaptic density assembly (GO:0099151),6.38711527779317e-07,"2895, 9378, 869, 26045"
infomap,43,9,4,ligand-gated ion channel activity involved in regulation of presynaptic membrane potential (GO:0099507),2.07011453823767e-06,"2561, 2560, 2554, 2555"
infomap,135,11,5,integral component of synaptic vesicle membrane (GO:0030285),2.38703658441278e-06,"1182, 246213, 143425, 9900, 91683"
infomap,256,4,4,modulation of chemical synaptic transmission (GO:0050804),5.00814276982146e-06,"64101, 22854, 57689, 84628"
infomap,184,23,6,translation at presynapse (GO:0140236),5.90541446300981e-06,"6165, 23521, 6159, 6129, 6229, 6161"
infomap,184,23,6,translation at postsynapse (GO:0140242),5.90541446300981e-06,"6165, 23521, 6159, 6129, 6229, 6161"
infomap,184,23,9,synapse (GO:0045202),7.75243792571203e-06,"6165, 23521, 6159, 6122, 6156, 6129, 6229, 6161, 6228"
infomap,19,83,8,"postsynaptic density, intracellular component (GO:0099092)",8.0489019319992e-06,"1741, 9228, 1739, 85358, 9229, 8831, 23096, 85461"
infomap,185,14,4,synaptic vesicle proton loading (GO:0097401),1.38312606613299e-05,"523, 51382, 526, 9296"
infomap,185,14,4,extrinsic component of synaptic vesicle membrane (GO:0098850),3.00224247380614e-05,"523, 51382, 526, 9296"
infomap,115,7,3,synaptic cleft (GO:0043083),3.65359244519637e-05,"43, 3915, 3911"
infomap,46,18,4,anchored component of synaptic vesicle membrane (GO:0098993),5.58361077757094e-05,"5869, 5868, 7879, 5878"
infomap,55,15,5,integral component of postsynaptic membrane (GO:0099055),0.0001016819846791,"1813, 6531, 2550, 6529, 9568"
infomap,55,15,5,integral component of presynaptic membrane (GO:0099056),0.0001016819846791,"1813, 6531, 2550, 6529, 9568"
infomap,4,18,3,postsynaptic neurotransmitter receptor endocytosis (GO:0098884),0.0001176476464871,"2060, 163, 1175"
infomap,26,155,4,exocytic insertion of neurotransmitter receptor to postsynaptic membrane (GO:0098967),0.0001192201727091,"6810, 8773, 22908, 116841"
infomap,35,25,5,presynaptic cytosol (GO:0099523),0.0001219308614935,"5582, 5581, 4082, 5578, 5579"
infomap,19,83,8,integral component of postsynaptic membrane (GO:0099055),0.0002087683990419,"3739, 3736, 3759, 491, 1128, 3737, 4897, 3738"
infomap,131,19,3,regulation of calcium-dependent activation of synaptic vesicle fusion (GO:0150037),0.000209429736106,"774, 22999, 23504"
infomap,131,19,3,voltage-gated calcium channel activity involved in regulation of presynaptic cytosolic calcium levels (GO:0099626),0.000209429736106,"774, 773, 23504"
infomap,256,4,2,anchored component of presynaptic active zone membrane (GO:0099029),0.0002414041389174,"22854, 84628"
infomap,141,14,3,regulation of postsynaptic density assembly (GO:0099151),0.0003278854931705,"5802, 5789, 57622"
infomap,97,9,3,synaptic vesicle proton loading (GO:0097401),0.0004714429634657,"529, 534, 9550"
infomap,2,159,9,"postsynaptic density, intracellular component (GO:0099092)",0.0004715206366601,"6455, 1785, 6457, 10458, 1499, 2534, 613, 2185, 56899"
infomap,77,9,3,regulation of presynapse assembly (GO:1905606),0.0005001420786138,"2895, 9378, 869"
infomap,192,18,7,synapse (GO:0045202),0.0005195739791208,"6224, 6147, 6217, 6209, 6188, 6223, 6222"
infomap,97,9,3,extrinsic component of synaptic vesicle membrane (GO:0098850),0.0006851914491326,"529, 534, 9550"
infomap,43,9,3,integral component of presynaptic active zone membrane (GO:0099059),0.0009342430547319,"2561, 2560, 2555"
infomap,19,83,5,transmitter-gated ion channel activity involved in regulation of postsynaptic membrane potential (GO:1904315),0.0010789649515884,"2903, 2904, 2905, 2906, 2902"
infomap,19,83,4,neurotransmitter receptor localization to postsynaptic specialization membrane (GO:0099645),0.0017193384004573,"1742, 1740, 1739, 81832"
infomap,26,155,3,synaptic vesicle to endosome fusion (GO:0016189),0.0018981106444482,"10228, 23673, 8674"
infomap,26,155,3,regulation of synaptic vesicle priming (GO:0010807),0.0018981106444482,"63908, 134957, 8775"
infomap,131,19,3,presynaptic active zone cytoplasmic component (GO:0098831),0.0021845614192633,"22999, 6812, 23504"
infomap,141,14,4,modulation of chemical synaptic transmission (GO:0050804),0.0021907299482494,"5802, 5786, 5789, 7204"
infomap,141,14,2,trans-synaptic signaling (GO:0099537),0.0021907299482494,"5802, 5789"
infomap,51,13,3,ligand-gated ion channel activity involved in regulation of presynaptic membrane potential (GO:0099507),0.0026671173069499,"2891, 2892, 2893"
infomap,51,13,3,transmitter-gated ion channel activity involved in regulation of postsynaptic membrane potential (GO:1904315),0.0026671173069499,"2891, 2892, 2893"
infomap,220,11,3,presynaptic modulation of chemical synaptic transmission (GO:0099171),0.0026768302523034,"2917, 2918, 2914"
infomap,26,155,4,synaptic vesicle exocytosis (GO:0016079),0.0030175239402107,"6616, 6804, 6844, 112755"
infomap,274,7,3,translation at presynapse (GO:0140236),0.0031195661336557,"6124, 6141, 9045"
infomap,274,7,3,presynaptic ribosome(SYNGO:presyn_ribosome),0.0031195661336557,"6124, 6141, 9045"
infomap,274,7,3,translation at postsynapse (GO:0140242),0.0031195661336557,"6124, 6141, 9045"
infomap,14,11,2,extrinsic component of presynaptic active zone membrane (GO:0098891),0.0033170199569558,"5245, 9162"
infomap,27,19,2,perisynaptic extracellular matrix (GO:0098966),0.0034419048072295,"7143, 176"
infomap,220,11,3,integral component of presynaptic active zone membrane (GO:0099059),0.0036407461357473,"2917, 2918, 2914"
infomap,51,13,3,integral component of presynaptic active zone membrane (GO:0099059),0.0041732831097385,"2891, 2892, 2893"
infomap,274,7,3,postsynaptic ribosome(SYNGO:postsyn_ribosome),0.0048023446636791,"6124, 6141, 9045"
infomap,19,83,7,modulation of chemical synaptic transmission (GO:0050804),0.0054473272671715,"9228, 50944, 85358, 9229, 8831, 57497, 23096"
infomap,45,47,5,integral component of synaptic vesicle membrane (GO:0030285),0.0064547770414019,"114569, 192683, 6855, 9522, 9145"
infomap,50,11,2,structural constituent of postsynaptic actin cytoskeleton (GO:0098973),0.0066258175984235,"71, 60"
infomap,152,9,2,synaptic vesicle cycle (GO:0099504),0.0072251793534636,"6853, 6854"
infomap,178,9,3,translation at presynapse (GO:0140236),0.0073738701568043,"6193, 6234, 6208"
infomap,178,9,3,presynaptic ribosome(SYNGO:presyn_ribosome),0.0073738701568043,"6193, 6234, 6208"
infomap,178,9,3,translation at postsynapse (GO:0140242),0.0073738701568043,"6193, 6234, 6208"
infomap,19,83,8,postsynaptic density (GO:0014069),0.0074416544522016,"9863, 50944, 85358, 9456, 1501, 8525, 9758, 84435"
infomap,19,83,4,ligand-gated ion channel activity involved in regulation of presynaptic membrane potential (GO:0099507),0.0074416544522016,"2903, 2904, 2906, 2902"
infomap,19,83,3,voltage-gated ion channel activity involved in regulation of presynaptic membrane potential (GO:0099508),0.0081217894717354,"3739, 3736, 3737"
infomap,51,13,2,"neurotransmitter receptor transport, endosome to postsynaptic membrane (GO:0098887)",0.0081802194908422,"80852, 23426"
infomap,35,25,3,regulation of synaptic vesicle exocytosis (GO:2000300),0.0092991068453917,"5582, 5578, 5579"
infomap,178,9,3,postsynaptic ribosome(SYNGO:postsyn_ribosome),0.0113021874082138,"6193, 6234, 6208"
infomap,19,83,3,regulation of postsynaptic neurotransmitter receptor activity (GO:0098962),0.0142653066485327,"9228, 9456, 81832"
infomap,178,9,4,synapse (GO:0045202),0.0151011673802388,"6230, 6193, 6234, 6208"
infomap,51,13,3,integral component of postsynaptic density membrane (GO:0099061),0.0154652875148075,"2891, 2892, 2893"
infomap,19,83,2,voltage-gated ion channel activity involved in regulation of postsynaptic membrane potential (GO:1905030),0.015630430540428,"3736, 3737"
infomap,209,12,4,presynapse (GO:0098793),0.0162655110639949,"23157, 5413, 23176, 55964"
infomap,141,14,3,integral component of postsynaptic density membrane (GO:0099061),0.0162759508991751,"5792, 57622, 145581"
infomap,131,19,2,structural constituent of active zone (GO:0098882),0.0178595268366446,"22999, 23504"
infomap,53,12,3,translation at presynapse (GO:0140236),0.0188769887801091,"6155, 6152, 6164"
infomap,53,12,3,presynaptic ribosome(SYNGO:presyn_ribosome),0.0188769887801091,"6155, 6152, 6164"
infomap,53,12,3,translation at postsynapse (GO:0140242),0.0188769887801091,"6155, 6152, 6164"
infomap,141,14,2,presynaptic active zone (GO:0048786),0.0200420257822868,"8541, 7204"
infomap,19,83,4,integral component of presynaptic active zone membrane (GO:0099059),0.0231716604313128,"2904, 2906, 2902, 491"
infomap,131,19,2,presynaptic dense core vesicle exocytosis (GO:0099525),0.024378605118182,"22999, 6812"
infomap,236,8,2,postsynapse to nucleus signaling pathway (GO:0099527),0.0251942137892762,"26012, 9478"
infomap,141,14,2,presynaptic active zone cytoplasmic component (GO:0098831),0.0268462000890999,"8541, 26059"
infomap,53,12,3,postsynaptic ribosome(SYNGO:postsyn_ribosome),0.028745439100448,"6155, 6152, 6164"
infomap,131,19,2,synaptic vesicle priming (GO:0016082),0.0308925727981471,"22999, 6812"
infomap,141,14,2,regulation of presynapse assembly (GO:1905606),0.0338370135993487,"84631, 145581"
infomap,256,4,2,integral component of postsynaptic density membrane (GO:0099061),0.0410226339335798,"64101, 57689"
infomap,19,83,2,regulation of synaptic membrane adhesion (GO:0099179),0.0413950322243164,"9863, 266727"
infomap,19,83,2,anchored component of postsynaptic density membrane (GO:0099031),0.0413950322243164,"1742, 1740"
infomap,50,11,2,regulation of synaptic vesicle endocytosis (GO:1900242),0.0435196104191747,"71, 60"
infomap,50,11,2,postsynaptic actin cytoskeleton (GO:0098871),0.0435196104191747,"71, 60"
infomap,21,15,2,regulation of synapse disassembly (GO:1905806),0.0439866500231195,"3688, 6500"
infomap,19,83,4,regulation of postsynapse organization (GO:0099175),0.0478247610462799,"85358, 4897, 57497, 85461"
infomap,77,9,2,integral component of postsynaptic specialization membrane (GO:0099060),0.0498015177271291,"57502, 26045"
louvain,6,734,30,integral component of synaptic vesicle membrane (GO:0030285),5.34009008087786e-16,"6804, 10228, 527, 6536, 114569, 6857, 8675, 6845, 535, 6844, 1182, 23673, 6843, 10159, 388662, 127833, 192683, 132204, 9341, 6855, 7781, 140679, 246213, 9522, 537, 3916, 8417, 9145, 55530, 91683"
louvain,1,537,11,structural constituent of postsynaptic density (GO:0098919),6.707058207779281e-09,"9863, 1742, 1740, 1741, 1739, 50944, 22941, 85358, 1501, 9229, 4355"
louvain,1,537,19,"postsynaptic density, intracellular component (GO:0099092)",1.60930863782036e-07,"6455, 1785, 4842, 1741, 9228, 6457, 1739, 10458, 1499, 2534, 85358, 9229, 2185, 56899, 8831, 6792, 23096, 9922, 392862"
louvain,1,537,21,integral component of postsynaptic membrane (GO:0099055),2.1431600133526e-05,"3739, 3688, 10675, 3736, 2048, 3759, 23266, 2894, 2915, 2043, 491, 2550, 575, 1000, 1128, 348980, 3737, 4897, 3738, 9568, 3751"
louvain,1,537,19,integral component of postsynaptic density membrane (GO:0099061),9.7491243057481e-05,"2066, 2903, 2904, 2906, 11122, 5803, 57554, 2895, 2894, 2902, 1948, 491, 1128, 8514, 81832, 4897, 57497, 80059, 26045"
louvain,1,537,22,modulation of chemical synaptic transmission (GO:0050804),0.0001979382051555,"1759, 3688, 9228, 58512, 5335, 10458, 1009, 5786, 6774, 2534, 3190, 11252, 50944, 2915, 85358, 1000, 9229, 2047, 8831, 6792, 57497, 23096"
louvain,1,537,20,integral component of presynaptic membrane (GO:0099056),0.0002999474837935,"3739, 2066, 3736, 2048, 774, 2903, 2904, 2906, 2902, 1948, 2043, 2550, 9378, 1000, 22859, 1128, 3737, 3738, 9568, 57101"
louvain,1,537,14,regulation of postsynapse organization (GO:0099175),0.0006540647071525,"4670, 50807, 10458, 6453, 3190, 27316, 22941, 2894, 85358, 8976, 102, 6792, 4897, 57497"
louvain,1,537,26,postsynaptic density (GO:0014069),0.000877219986968,"1821, 5094, 9863, 5093, 815, 10006, 4670, 6774, 1982, 2059, 27316, 50944, 22941, 160622, 5062, 85358, 9456, 1501, 3188, 3187, 56899, 8777, 6129, 8525, 9758, 84435"
louvain,1,537,11,synaptic vesicle endocytosis (GO:0048488),0.007816351953367,"273, 1759, 1785, 58513, 29993, 6456, 274, 6453, 23513, 382, 85439"
louvain,3,263,7,integral component of postsynaptic specialization membrane (GO:0099060),0.0127921220955048,"2561, 54413, 2560, 2562, 2554, 2555, 2566"
louvain,3,263,7,transmitter-gated ion channel activity involved in regulation of postsynaptic membrane potential (GO:1904315),0.0127921220955048,"2561, 2901, 2560, 2562, 2554, 2555, 2566"
louvain,4,502,24,postsynaptic density (GO:0014069),0.0189528580196088,"7249, 5058, 11331, 5063, 1612, 5594, 2932, 6230, 6142, 23396, 5590, 7248, 8661, 56924, 9349, 5604, 156, 6156, 11069, 6223, 6125, 9912, 55607, 6222"
louvain,7,723,22,postsynaptic ribosome(SYNGO:postsyn_ribosome),0.0310886656855225,"6210, 6176, 6189, 6204, 6159, 6224, 6160, 6155, 6168, 11224, 4736, 6128, 7311, 6231, 6147, 6152, 6188, 6181, 6175, 6173, 9045, 6206"
louvain,1,537,3,voltage-gated ion channel activity involved in regulation of postsynaptic membrane potential (GO:1905030),0.0320133058327234,"3736, 3737, 3751"
louvain,4,502,37,synapse (GO:0045202),0.0412229511422346,"7531, 6198, 5573, 7249, 10971, 7532, 5515, 6230, 396, 6142, 6195, 1938, 5518, 6137, 5970, 5911, 9349, 6146, 6156, 55738, 6167, 2244, 6187, 5519, 8567, 1917, 84557, 8662, 6217, 6209, 6223, 6125, 6164, 5520, 8986, 6205, 6222"
louvain,4,502,4,modification of postsynaptic structure (GO:0099010),0.0412229511422346,"5908, 27145, 9912, 1812"
louvain,4,502,8,presynaptic modulation of chemical synaptic transmission (GO:0099171),0.0445246182221182,"9369, 2932, 2917, 5581, 1812, 116443, 2914, 9162"
sgG1,23,931,52,postsynaptic ribosome(SYNGO:postsyn_ribosome),2.00667347289868e-23,"6210, 6176, 6136, 25873, 6165, 6133, 6189, 23521, 6204, 6194, 6137, 6159, 6224, 9349, 6146, 6160, 6155, 6168, 4736, 6128, 6187, 7311, 6231, 6132, 6130, 6147, 6217, 6129, 6124, 6209, 6152, 6193, 6188, 6223, 6125, 6139, 6141, 6207, 6181, 6134, 6164, 6229, 6154, 6161, 6175, 6173, 6234, 6208, 6169, 6222, 9045, 6206"
sgG1,23,931,42,translation at presynapse (GO:0140236),1.5477098594375e-20,"6210, 6136, 25873, 6165, 6133, 23521, 6204, 6137, 6159, 9349, 6146, 6155, 6168, 4736, 6128, 7311, 6231, 6132, 6130, 6147, 6217, 6129, 6124, 6152, 6193, 6125, 6139, 6141, 6207, 6181, 6134, 6164, 6229, 6154, 6161, 6175, 6173, 6234, 6208, 6169, 9045, 6206"
sgG1,23,931,42,presynaptic ribosome(SYNGO:presyn_ribosome),1.5477098594375e-20,"6210, 6136, 25873, 6165, 6133, 23521, 6204, 6194, 6137, 6159, 9349, 6146, 6155, 6168, 6128, 7311, 6231, 6132, 6130, 6147, 6217, 6129, 6124, 6152, 6193, 6125, 6139, 6141, 6207, 6181, 6134, 6164, 6229, 6154, 6161, 6175, 6173, 6234, 6208, 6169, 9045, 6206"
sgG1,23,931,42,translation at postsynapse (GO:0140242),4.9435978143837204e-20,"6210, 6136, 25873, 6165, 6133, 23521, 6204, 6137, 6159, 9349, 6146, 6155, 6168, 4736, 6128, 7311, 6231, 6132, 6130, 6147, 6217, 6129, 6124, 6152, 6193, 6125, 6139, 6141, 6207, 6181, 6134, 6164, 6229, 6154, 6161, 6175, 6173, 6234, 6208, 6169, 9045, 6206"
sgG1,35,965,32,integral component of synaptic vesicle membrane (GO:0030285),4.69040792319889e-15,"6804, 10228, 527, 6536, 114569, 6857, 8675, 6845, 535, 6844, 1182, 23673, 6843, 10159, 388662, 127833, 192683, 132204, 9341, 6855, 7781, 140679, 246213, 9522, 537, 3916, 8417, 143425, 9145, 55530, 7466, 91683"
sgG1,23,931,84,synapse (GO:0045202),3.89452433256923e-12,"26986, 1173, 3178, 4670, 6210, 3184, 3556, 11100, 70, 4904, 1936, 6176, 6136, 25873, 6230, 22927, 6165, 6133, 6189, 23521, 6204, 10949, 6142, 3191, 1965, 6137, 5970, 6201, 6143, 6159, 6224, 3185, 9349, 6146, 26999, 6160, 6191, 6122, 6155, 6168, 4736, 6128, 6203, 3692, 6187, 7311, 9444, 1012, 64854, 6231, 6132, 6130, 6147, 6217, 6129, 6209, 6152, 6193, 345651, 6188, 6223, 6125, 6139, 4076, 6141, 6207, 6181, 6134, 1993, 6164, 6229, 6154, 6161, 6175, 6173, 8880, 6234, 6208, 6169, 9669, 6222, 9987, 9045, 6206"
sgG1,9,4,4,synapse adhesion between pre- and post-synapse (GO:0099560),6.16975190835681e-08,"64101, 22854, 57689, 84628"
sgG1,34,861,34,modulation of chemical synaptic transmission (GO:0050804),1.03676418425341e-06,"1759, 6198, 1072, 9228, 58512, 65125, 5335, 10458, 1009, 5786, 2534, 5601, 613, 11252, 23237, 50944, 2915, 7337, 7143, 85358, 5599, 5595, 1000, 29, 9229, 3781, 2047, 8831, 9912, 6792, 85445, 57497, 23096, 79012"
sgG1,34,861,22,"postsynaptic density, intracellular component (GO:0099092)",1.81938417776038e-06,"6455, 1785, 4842, 1741, 9228, 6457, 1739, 10458, 1499, 2534, 613, 85358, 29, 9229, 2185, 56899, 9478, 8831, 6792, 23096, 9922, 392862"
sgG1,9,4,4,modulation of chemical synaptic transmission (GO:0050804),5.00814276982146e-06,"64101, 22854, 57689, 84628"
sgG1,34,861,10,structural constituent of postsynaptic density (GO:0098919),2.19567045968286e-05,"9863, 1742, 1740, 1741, 1739, 50944, 22941, 85358, 1501, 9229"
sgG1,12,4,3,synaptic vesicle proton loading (GO:0097401),2.26595864971073e-05,"523, 51382, 526"
sgG1,34,861,18,synaptic vesicle endocytosis (GO:0048488),3.16487616276486e-05,"273, 1759, 1785, 2060, 58513, 29993, 6456, 29924, 1213, 163, 274, 6453, 23513, 6622, 8301, 1175, 284697, 85439"
sgG1,12,4,3,extrinsic component of synaptic vesicle membrane (GO:0098850),3.30870084285381e-05,"523, 51382, 526"
sgG1,34,861,28,integral component of presynaptic membrane (GO:0099056),3.44361213179381e-05,"3739, 2066, 3736, 2048, 1947, 774, 2903, 2904, 2906, 6531, 2902, 1948, 2043, 2550, 9378, 1000, 775, 22859, 1128, 3737, 777, 2913, 6326, 1812, 85445, 3738, 9568, 57101"
sgG1,7,129,6,presynapse assembly (GO:0099054),0.0001105242103486,"5802, 5789, 8497, 8541, 8499, 8500"
sgG1,34,861,25,integral component of postsynaptic membrane (GO:0099055),0.0001523243090347,"3739, 3736, 2048, 3759, 6531, 2894, 2911, 2915, 2043, 491, 2550, 575, 1000, 775, 1128, 3781, 348980, 3737, 777, 2913, 1812, 4897, 3738, 9568, 3751"
sgG1,9,4,2,anchored component of presynaptic active zone membrane (GO:0099029),0.0002414041389174,"22854, 84628"
sgG1,34,861,23,integral component of postsynaptic density membrane (GO:0099061),0.000395616420487,"53616, 2066, 2903, 2904, 2906, 11122, 5803, 57554, 2895, 2894, 2911, 2902, 1948, 491, 1128, 1630, 8514, 81832, 4897, 57497, 80059, 26045, 59283"
sgG1,34,861,12,postsynaptic modulation of chemical synaptic transmission (GO:0099170),0.0004045632805807,"5566, 5530, 11346, 1128, 1630, 5534, 814, 2185, 2913, 4900, 1812, 9922"
sgG1,10,431,9,anchored component of synaptic vesicle membrane (GO:0098993),0.0004944233726773,"5869, 5868, 9230, 5867, 10890, 53916, 51552, 7879, 5878"
sgG1,34,861,17,regulation of postsynapse organization (GO:0099175),0.0017847653471226,"207, 5063, 50807, 10458, 6453, 998, 22941, 2894, 7074, 85358, 8976, 2011, 102, 6792, 4763, 4897, 57497"
sgG1,34,861,34,postsynaptic density (GO:0014069),0.0022725899392899,"9863, 5058, 815, 10006, 5063, 1627, 1612, 5594, 4646, 50944, 22941, 160622, 5062, 23396, 8536, 5590, 85358, 8661, 9456, 56924, 5604, 6156, 6232, 1501, 816, 26750, 56899, 8650, 9912, 9101, 8525, 9758, 9455, 84435"
sgG1,31,5,2,synaptic cleft (GO:0043083),0.0072251793534636,"3915, 3911"
sgG1,34,861,8,neurotransmitter receptor localization to postsynaptic specialization membrane (GO:0099645),0.0114800664725299,"53616, 1742, 2066, 1740, 1739, 9369, 81832, 9211"
sgG1,34,861,7,extrinsic component of presynaptic endocytic zone membrane (GO:0098894),0.0183008702594427,"273, 2060, 58513, 29924, 163, 8301, 1175"
sgG1,34,861,11,regulation of postsynaptic neurotransmitter receptor endocytosis (GO:0099149),0.024987176613178,"29993, 4734, 23513, 23237, 1948, 23396, 5534, 8650, 4983, 8867, 9922"
sgG1,34,861,10,integral component of postsynaptic specialization membrane (GO:0099060),0.026791705036412,"2561, 22871, 57555, 2550, 2560, 3745, 2554, 2566, 3751, 26045"
sgG1,34,861,10,transmitter-gated ion channel activity involved in regulation of postsynaptic membrane potential (GO:1904315),0.0374969870376664,"2561, 2903, 2904, 2905, 2906, 2902, 2743, 2560, 2554, 2566"
sgG1,34,861,5,postsynaptic membrane (GO:0045211),0.0374969870376664,"4915, 1627, 1499, 4900, 6000"
sgG1,34,861,13,presynaptic cytosol (GO:0099523),0.0374969870376664,"6456, 815, 10458, 5582, 6812, 5581, 4082, 120892, 5578, 5579, 65059, 56899, 5533"
sgG1,34,861,9,regulation of neurotransmitter receptor localization to postsynaptic specialization membrane (GO:0098696),0.0374969870376664,"9863, 5058, 815, 5062, 5590, 5604, 5906, 102, 23096"
sgG1,34,861,6,regulation of modification of postsynaptic actin cytoskeleton (GO:1905274),0.0410105162876717,"387, 10458, 6453, 5747, 7074, 4082"
sgG1,34,861,7,regulation of synapse maturation (GO:0090128),0.0410105162876717,"7534, 5058, 5063, 6093, 5062, 816, 8506"
sgG1,9,4,2,integral component of postsynaptic density membrane (GO:0099061),0.0410226339335798,"64101, 57689"
sgG1,34,861,4,presynaptic endocytic zone (GO:0098833),0.0437385784282912,"273, 29993, 6453, 4646"
sgG1,34,861,4,regulation of postsynaptic membrane potential (GO:0060078),0.0437385784282912,"4842, 1128, 348980, 6000"
sgG1,34,861,4,modification of postsynaptic structure (GO:0099010),0.0437385784282912,"2017, 27145, 9912, 1812"
sgG1,36,7,2,regulation of synaptic vesicle endocytosis (GO:1900242),0.0439866500231195,"55737, 51699"
sgG2,25,283,26,integral component of synaptic vesicle membrane (GO:0030285),9.519932997132329e-22,"6804, 10228, 527, 114569, 6857, 8675, 535, 6844, 23673, 6843, 388662, 127833, 192683, 132204, 9341, 6855, 7781, 140679, 246213, 9522, 8417, 143425, 9145, 55530, 7466, 91683"
sgG2,19,305,19,"postsynaptic density, intracellular component (GO:0099092)",1.31273612302365e-11,"6455, 1785, 4842, 1741, 9228, 6457, 1739, 10458, 1499, 2534, 613, 85358, 9229, 2185, 56899, 8831, 6792, 23096, 392862"
sgG2,18,74,9,anchored component of synaptic vesicle membrane (GO:0098993),6.834968310654829e-11,"5869, 5868, 9230, 5867, 10890, 53916, 51552, 7879, 5878"
sgG2,13,56,10,synaptic vesicle endocytosis (GO:0048488),1.6020264022596002e-10,"58513, 1173, 164, 29924, 1213, 163, 6453, 8301, 1175, 85439"
sgG2,19,305,10,structural constituent of postsynaptic density (GO:0098919),1.04621525999793e-09,"9863, 1742, 1740, 1741, 1739, 50944, 22941, 85358, 1501, 9229"
sgG2,19,305,19,integral component of postsynaptic density membrane (GO:0099061),1.16472033605505e-08,"2066, 2903, 2904, 2906, 11122, 5803, 57554, 2895, 2894, 2902, 1948, 491, 1128, 8514, 81832, 4897, 57497, 80059, 26045"
sgG2,19,305,20,integral component of presynaptic membrane (GO:0099056),3.4849349340337e-08,"3739, 2066, 3736, 2048, 2903, 2904, 2906, 2902, 1948, 2043, 2550, 9378, 1000, 22859, 1128, 3737, 6506, 3738, 9568, 57101"
sgG2,6,4,4,synapse adhesion between pre- and post-synapse (GO:0099560),6.16975190835681e-08,"64101, 22854, 57689, 84628"
sgG2,36,39,6,presynapse assembly (GO:0099054),7.09830392822589e-08,"5802, 5789, 8497, 8541, 8499, 8500"
sgG2,13,56,6,extrinsic component of presynaptic endocytic zone membrane (GO:0098894),9.47657306482918e-08,"58513, 1173, 29924, 163, 8301, 1175"
sgG2,6,4,4,modulation of chemical synaptic transmission (GO:0050804),5.00814276982146e-06,"64101, 22854, 57689, 84628"
sgG2,19,305,18,modulation of chemical synaptic transmission (GO:0050804),8.89790183634016e-06,"1759, 9228, 58512, 5335, 10458, 5786, 2534, 613, 11252, 50944, 85358, 1000, 9229, 2047, 8831, 6792, 57497, 23096"
sgG2,19,305,16,integral component of postsynaptic membrane (GO:0099055),8.89790183634016e-06,"3739, 3736, 2048, 3759, 2894, 2043, 491, 2550, 575, 1000, 1128, 348980, 3737, 4897, 3738, 9568"
sgG2,36,39,7,integral component of postsynaptic density membrane (GO:0099061),1.73405745365948e-05,"2891, 2892, 5792, 2893, 57622, 11141, 145581"
sgG2,13,56,4,presynaptic endocytic zone membrane (GO:0098835),1.86073268153423e-05,"1213, 23396, 1211, 1212"
sgG2,13,56,4,postsynaptic neurotransmitter receptor endocytosis (GO:0098884),3.22829916073331e-05,"1173, 163, 4646, 1175"
sgG2,36,39,5,synapse adhesion between pre- and post-synapse (GO:0099560),3.78671448392608e-05,"5802, 5792, 5789, 84631, 145581"
sgG2,6,4,2,anchored component of presynaptic active zone membrane (GO:0099029),0.0002414041389174,"22854, 84628"
sgG2,21,80,4,voltage-gated calcium channel activity involved in regulation of presynaptic cytosolic calcium levels (GO:0099626),0.0005494077912494,"774, 773, 23504, 777"
sgG2,19,305,8,postsynaptic actin cytoskeleton organization (GO:0098974),0.0011177555336117,"6456, 26037, 28988, 8874, 575, 8976, 9758, 9722"
sgG2,19,305,6,regulation of postsynaptic density assembly (GO:0099151),0.0011721200335708,"26037, 2895, 9378, 869, 2185, 26045"
sgG2,25,283,4,exocytic insertion of neurotransmitter receptor to postsynaptic membrane (GO:0098967),0.0013485349419525,"6810, 8773, 22908, 116841"
sgG2,19,305,10,regulation of postsynapse organization (GO:0099175),0.0016804561685901,"50807, 10458, 22941, 2894, 85358, 8976, 102, 6792, 4897, 57497"
sgG2,16,200,7,integral component of postsynaptic specialization membrane (GO:0099060),0.0021879161923817,"2561, 2556, 2560, 2562, 2554, 2555, 2566"
sgG2,16,200,7,transmitter-gated ion channel activity involved in regulation of postsynaptic membrane potential (GO:1904315),0.0021879161923817,"2561, 2556, 2560, 2562, 2554, 2555, 2566"
sgG2,25,283,5,synaptic vesicle exocytosis (GO:0016079),0.0025058729333835,"6616, 6804, 6844, 112755, 10497"
sgG2,5,13,2,extrinsic component of presynaptic active zone membrane (GO:0098891),0.004702840147753,"5245, 9162"
sgG2,36,39,3,regulation of postsynaptic density assembly (GO:0099151),0.0059621549573694,"5802, 5789, 57622"
sgG2,19,305,8,integral component of presynaptic active zone membrane (GO:0099059),0.0071182562488541,"2904, 2906, 2902, 491, 2550, 9378, 3778, 348980"
sgG2,19,305,16,presynapse (GO:0098793),0.0074393320367383,"273, 6455, 1793, 28988, 23607, 51429, 9223, 2571, 2185, 65217, 8867, 8871, 57497, 51762, 9722, 27255"
sgG2,36,39,2,trans-synaptic signaling by trans-synaptic complex (GO:0099545),0.0089033543107563,"5789, 11141"
sgG2,19,305,4,postsynaptic specialization assembly (GO:0098698),0.0091229786641095,"1399, 1398, 22871, 57555"
sgG2,25,283,3,synaptic vesicle to endosome fusion (GO:0016189),0.0093241558843575,"10228, 23673, 8674"
sgG2,25,283,3,regulation of synaptic vesicle priming (GO:0010807),0.0093241558843575,"63908, 134957, 8775"
sgG2,36,39,2,trans-synaptic signaling (GO:0099537),0.0144312320230095,"5802, 5789"
sgG2,36,39,3,regulation of presynapse assembly (GO:1905606),0.0144312320230095,"11141, 84631, 145581"
sgG2,19,305,5,neurotransmitter receptor localization to postsynaptic specialization membrane (GO:0099645),0.0147116475896708,"1742, 2066, 1740, 1739, 81832"
sgG2,36,39,3,ligand-gated ion channel activity involved in regulation of presynaptic membrane potential (GO:0099507),0.0147730916999113,"2891, 2892, 2893"
sgG2,22,52,3,regulation of modification of postsynaptic structure (GO:0099159),0.0148603786757841,"387, 998, 388"
sgG2,21,80,3,regulation of calcium-dependent activation of synaptic vesicle fusion (GO:0150037),0.0170944550985929,"774, 22999, 23504"
sgG2,36,39,3,transmitter-gated ion channel activity involved in regulation of postsynaptic membrane potential (GO:1904315),0.0175426043505998,"2891, 2892, 2893"
sgG2,25,283,3,regulation of neurotransmitter uptake (GO:0051580),0.0297319846725724,"1813, 10550, 9143"
sgG2,36,39,2,"neurotransmitter receptor transport, endosome to postsynaptic membrane (GO:0098887)",0.0300246487206458,"80852, 23426"
sgG2,36,39,4,integral component of presynaptic membrane (GO:0099056),0.0300246487206458,"2891, 2892, 5802, 5789"
sgG2,36,39,3,integral component of presynaptic active zone membrane (GO:0099059),0.0300246487206458,"2891, 2892, 2893"
sgG2,21,80,3,postsynapse to nucleus signaling pathway (GO:0099527),0.0376954362592184,"814, 26012, 9478"
sgG2,19,305,3,regulation of postsynaptic membrane potential (GO:0060078),0.0379107452803394,"4842, 1128, 348980"
sgG2,6,4,2,integral component of postsynaptic density membrane (GO:0099061),0.0410226339335798,"64101, 57689"
sgG5,119,59,23,postsynaptic ribosome(SYNGO:postsyn_ribosome),4.1404347282235696e-27,"25873, 6165, 6189, 23521, 6194, 6159, 6168, 4736, 6135, 6132, 6147, 6129, 6124, 6193, 6223, 6125, 6141, 6181, 6229, 6161, 6208, 6228, 9045"
sgG5,119,59,19,translation at presynapse (GO:0140236),5.0062824970356903e-23,"25873, 6165, 23521, 6159, 6168, 4736, 6135, 6132, 6147, 6129, 6124, 6193, 6125, 6141, 6181, 6229, 6161, 6208, 9045"
sgG5,119,59,19,presynaptic ribosome(SYNGO:presyn_ribosome),5.0062824970356903e-23,"25873, 6165, 23521, 6194, 6159, 6168, 6135, 6132, 6147, 6129, 6124, 6193, 6125, 6141, 6181, 6229, 6161, 6208, 9045"
sgG5,119,59,19,translation at postsynapse (GO:0140242),5.869643964109599e-23,"25873, 6165, 23521, 6159, 6168, 4736, 6135, 6132, 6147, 6129, 6124, 6193, 6125, 6141, 6181, 6229, 6161, 6208, 9045"
sgG5,119,59,23,synapse (GO:0045202),1.0885501121837601e-15,"25873, 6230, 6165, 6189, 23521, 6142, 6159, 6168, 4736, 6135, 6132, 6147, 6129, 6193, 6223, 6125, 6141, 6181, 6229, 6161, 6208, 6228, 9045"
sgG5,60,37,10,synaptic vesicle endocytosis (GO:0048488),1.69031979036836e-12,"2060, 58513, 164, 29924, 1213, 163, 6453, 8301, 1175, 85439"
sgG5,78,90,9,structural constituent of postsynaptic density (GO:0098919),2.2181902536744098e-12,"9863, 1742, 1740, 1741, 1739, 50944, 22941, 1501, 9229"
sgG5,55,154,15,integral component of synaptic vesicle membrane (GO:0030285),3.37695167625286e-11,"6804, 10228, 527, 6857, 8675, 6844, 23673, 6843, 388662, 127833, 132204, 9341, 7781, 8417, 55530"
sgG5,78,90,13,integral component of postsynaptic density membrane (GO:0099061),7.04287648562147e-10,"2903, 2904, 2906, 2895, 2894, 2902, 491, 1128, 81832, 4897, 57497, 80059, 26045"
sgG5,10,36,10,postsynaptic ribosome(SYNGO:postsyn_ribosome),4.95725346648306e-09,"6204, 6224, 6156, 6217, 6209, 6188, 6164, 6205, 6222, 6206"
sgG5,60,37,6,extrinsic component of presynaptic endocytic zone membrane (GO:0098894),6.90136100227965e-09,"2060, 58513, 29924, 163, 8301, 1175"
sgG5,1,29,6,presynapse assembly (GO:0099054),1.04643716818837e-08,"5802, 5789, 8497, 8541, 8499, 8500"
sgG5,25,83,8,anchored component of synaptic vesicle membrane (GO:0098993),1.43661125282441e-08,"5868, 9230, 5867, 10890, 53916, 51552, 7879, 5878"
sgG5,68,37,7,transmitter-gated ion channel activity involved in regulation of postsynaptic membrane potential (GO:1904315),3.09333595669206e-08,"2561, 2743, 2560, 2562, 2554, 2555, 2566"
sgG5,95,4,4,synapse adhesion between pre- and post-synapse (GO:0099560),6.16975190835681e-08,"64101, 22854, 57689, 84628"
sgG5,1,29,6,synapse adhesion between pre- and post-synapse (GO:0099560),1.60130485088518e-07,"3556, 5802, 5792, 5789, 84631, 145581"
sgG5,68,37,6,integral component of postsynaptic specialization membrane (GO:0099060),7.67125832272619e-07,"2561, 2560, 2562, 2554, 2555, 2566"
sgG5,78,90,11,integral component of presynaptic membrane (GO:0099056),8.4479829545596e-07,"3739, 3736, 2903, 2904, 2906, 2902, 9378, 22859, 1128, 3738, 57101"
sgG5,78,90,9,"postsynaptic density, intracellular component (GO:0099092)",8.4479829545596e-07,"4842, 1741, 9228, 1739, 10458, 9229, 23096, 85461, 392862"
sgG5,78,90,10,integral component of postsynaptic membrane (GO:0099055),2.94750890771641e-06,"3739, 3736, 3759, 23266, 2894, 491, 575, 1128, 4897, 3738"
sgG5,95,4,4,modulation of chemical synaptic transmission (GO:0050804),5.00814276982146e-06,"64101, 22854, 57689, 84628"
sgG5,119,59,10,postsynaptic density (GO:0014069),1.15389050747895e-05,"6230, 6142, 4736, 6132, 6129, 6124, 6223, 6125, 6208, 9045"
sgG5,4,44,8,integral component of presynaptic membrane (GO:0099056),1.50508473485475e-05,"2891, 2892, 2048, 1947, 2917, 1948, 2913, 2897"
sgG5,10,36,11,synapse (GO:0045202),1.51207859614427e-05,"6204, 1857, 6224, 6156, 6217, 6209, 6188, 6164, 6205, 6222, 6206"
sgG5,1,29,3,trans-synaptic signaling by trans-synaptic complex (GO:0099545),1.51927434711748e-05,"3556, 5789, 11141"
sgG5,4,44,6,integral component of presynaptic active zone membrane (GO:0099059),1.89589167117761e-05,"2891, 2892, 2917, 2893, 5818, 2914"
sgG5,1,29,4,regulation of postsynaptic density assembly (GO:0099151),2.93117099999714e-05,"3556, 5802, 5789, 57622"
sgG5,4,44,5,ligand-gated ion channel activity involved in regulation of presynaptic membrane potential (GO:0099507),5.40343268464058e-05,"2891, 2892, 2893, 2898, 2897"
sgG5,78,90,5,regulation of postsynaptic density assembly (GO:0099151),5.57363795613685e-05,"26037, 2895, 9378, 869, 26045"
sgG5,4,44,5,transmitter-gated ion channel activity involved in regulation of postsynaptic membrane potential (GO:1904315),6.7912739320135e-05,"2891, 2892, 2893, 2898, 2897"
sgG5,65,50,4,voltage-gated calcium channel activity involved in regulation of presynaptic cytosolic calcium levels (GO:0099626),8.12121235072604e-05,"774, 773, 23504, 777"
sgG5,55,154,4,exocytic insertion of neurotransmitter receptor to postsynaptic membrane (GO:0098967),0.0001161435230908,"6810, 8773, 22908, 116841"
sgG5,1,29,4,regulation of presynapse assembly (GO:1905606),0.0001783689016868,"3556, 11141, 84631, 145581"
sgG5,95,4,2,anchored component of presynaptic active zone membrane (GO:0099029),0.0002414041389174,"22854, 84628"
sgG5,68,37,5,presynaptic cytosol (GO:0099523),0.0003146426373363,"5582, 5581, 4082, 5578, 5579"
sgG5,78,90,5,regulation of presynapse assembly (GO:1905606),0.0006327737808125,"2895, 57555, 9378, 869, 266727"
sgG5,60,37,3,presynaptic endocytic zone membrane (GO:0098835),0.0006359712216187,"1213, 23396, 1212"
sgG5,68,37,4,ligand-gated ion channel activity involved in regulation of presynaptic membrane potential (GO:0099507),0.0007555797562491,"2561, 2560, 2554, 2555"
sgG5,60,37,3,postsynaptic neurotransmitter receptor endocytosis (GO:0098884),0.0008303169574899,"2060, 163, 1175"
sgG5,78,90,5,transmitter-gated ion channel activity involved in regulation of postsynaptic membrane potential (GO:1904315),0.0011998501649058,"2903, 2904, 2905, 2906, 2902"
sgG5,78,90,6,regulation of postsynapse organization (GO:0099175),0.0013359733203422,"10458, 22941, 2894, 4897, 57497, 85461"
sgG5,10,36,5,translation at presynapse (GO:0140236),0.0016227250836603,"6204, 6217, 6164, 6205, 6206"
sgG5,10,36,5,presynaptic ribosome(SYNGO:presyn_ribosome),0.0016227250836603,"6204, 6217, 6164, 6205, 6206"
sgG5,10,36,5,translation at postsynapse (GO:0140242),0.0016227250836603,"6204, 6217, 6164, 6205, 6206"
sgG5,78,90,4,neurotransmitter receptor localization to postsynaptic specialization membrane (GO:0099645),0.0016559968943221,"1742, 1740, 1739, 81832"
sgG5,40,51,4,regulation of synapse maturation (GO:0090128),0.0017171386457108,"5058, 5063, 6093, 5062"
sgG5,55,154,3,synaptic vesicle to endosome fusion (GO:0016189),0.0018613730190718,"10228, 23673, 8674"
sgG5,55,154,3,regulation of synaptic vesicle priming (GO:0010807),0.0018613730190718,"63908, 134957, 8775"
sgG5,55,154,4,synaptic vesicle exocytosis (GO:0016079),0.0029416405646778,"6616, 6804, 6844, 112755"
sgG5,78,90,5,integral component of presynaptic active zone membrane (GO:0099059),0.0035510655467608,"2904, 2906, 2902, 491, 9378"
sgG5,74,29,3,synaptic cleft (GO:0043083),0.0037369722189279,"43, 3915, 3911"
sgG5,65,50,3,regulation of calcium-dependent activation of synaptic vesicle fusion (GO:0150037),0.0041551909251185,"774, 22999, 23504"
sgG5,6,22,2,perisynaptic extracellular matrix (GO:0098966),0.004649590704503,"7143, 176"
sgG5,4,44,5,integral component of postsynaptic density membrane (GO:0099061),0.0048048427321134,"2891, 2892, 2045, 2893, 1948"
sgG5,4,44,5,integral component of postsynaptic membrane (GO:0099055),0.0056870036710867,"2891, 2892, 2048, 2898, 2913"
sgG5,4,44,3,presynapse assembly (GO:0099054),0.0063332838464304,"1947, 1948, 6386"
sgG5,1,29,2,trans-synaptic signaling (GO:0099537),0.0081113593518662,"5802, 5789"
sgG5,1,29,4,integral component of postsynaptic density membrane (GO:0099061),0.0083612193894309,"5792, 57622, 11141, 145581"
sgG5,78,90,4,ligand-gated ion channel activity involved in regulation of presynaptic membrane potential (GO:0099507),0.0084638050850966,"2903, 2904, 2906, 2902"
sgG5,65,50,3,postsynapse to nucleus signaling pathway (GO:0099527),0.0092919065704485,"814, 26012, 9478"
sgG5,58,37,4,synaptic vesicle endocytosis (GO:0048488),0.0097235699830686,"273, 1759, 1785, 6456"
sgG5,58,37,6,presynapse (GO:0098793),0.0097235699830686,"273, 6455, 23607, 51429, 8867, 8871"
sgG5,78,90,8,postsynaptic density (GO:0014069),0.0099340270906139,"9863, 50944, 22941, 9456, 1501, 8525, 9758, 84435"
sgG5,68,37,3,regulation of synaptic vesicle exocytosis (GO:2000300),0.0122425072042329,"5582, 5578, 5579"
sgG5,18,45,3,modification of postsynaptic actin cytoskeleton (GO:0098885),0.0142970949542351,"1072, 5216, 5217"
sgG5,78,90,3,regulation of postsynaptic neurotransmitter receptor activity (GO:0098962),0.0154980179569102,"9228, 9456, 81832"
sgG5,52,97,13,synapse (GO:0045202),0.0207275781746703,"3178, 4670, 3184, 11100, 4904, 22927, 10949, 3191, 3185, 9444, 6144, 1993, 9987"
sgG5,52,97,9,postsynaptic density (GO:0014069),0.0207275781746703,"5094, 5093, 4670, 3184, 27316, 3181, 3188, 3187, 220988"
sgG5,40,51,7,postsynapse (GO:0098794),0.0215432151425512,"387, 5058, 2017, 5879, 4649, 116986, 102"
sgG5,1,29,4,modulation of chemical synaptic transmission (GO:0050804),0.0225325971768097,"5802, 5786, 5789, 7204"
sgG5,78,90,6,modulation of chemical synaptic transmission (GO:0050804),0.0297747332835715,"9228, 10458, 50944, 9229, 57497, 23096"
sgG5,60,37,5,presynapse (GO:0098793),0.0377072660457478,"164, 3092, 25977, 84251, 85439"
sgG5,95,4,2,integral component of postsynaptic density membrane (GO:0099061),0.0410226339335798,"64101, 57689"
sgG5,78,90,2,regulation of postsynaptic membrane potential (GO:0060078),0.0431786554883848,"4842, 1128"
sgG5,78,90,2,regulation of synaptic membrane adhesion (GO:0099179),0.0431786554883848,"9863, 266727"
sgG5,78,90,2,anchored component of postsynaptic density membrane (GO:0099031),0.0431786554883848,"1742, 1740"
sgG5,38,70,5,integral component of synaptic vesicle membrane (GO:0030285),0.0446692141028053,"114569, 192683, 6855, 9522, 9145"
sgG5,4,44,2,"neurotransmitter receptor transport, endosome to postsynaptic membrane (GO:0098887)",0.0485558528480452,"80852, 23426"
spectral,12,156,11,structural constituent of postsynaptic density (GO:0098919),6.44595005274066e-15,"9863, 1742, 1740, 1741, 1739, 50944, 22941, 85358, 1501, 9229, 4355"
spectral,29,240,19,integral component of synaptic vesicle membrane (GO:0030285),2.87265605607234e-13,"6804, 10228, 527, 6857, 8675, 6844, 23673, 6843, 388662, 127833, 192683, 9341, 7781, 140679, 246213, 8417, 55530, 7466, 91683"
spectral,16,43,6,extrinsic component of presynaptic endocytic zone membrane (GO:0098894),3.60028597012288e-08,"273, 2060, 1173, 29924, 163, 1175"
spectral,12,156,14,integral component of postsynaptic density membrane (GO:0099061),6.92194629855572e-08,"2903, 2904, 2906, 2895, 2894, 2902, 1948, 491, 1128, 81832, 4897, 57497, 80059, 26045"
spectral,15,47,6,presynapse assembly (GO:0099054),2.31290029420168e-07,"5802, 5789, 8497, 8541, 8499, 8500"
spectral,12,156,14,integral component of presynaptic membrane (GO:0099056),5.42955689182366e-07,"3739, 3736, 2903, 2904, 2906, 2902, 1948, 2043, 9378, 22859, 1128, 6326, 3738, 57101"
spectral,16,43,7,synaptic vesicle endocytosis (GO:0048488),6.92286533011113e-07,"273, 2060, 1173, 29924, 163, 274, 1175"
spectral,52,309,35,synapse (GO:0045202),8.15171816065053e-06,"26986, 3178, 4670, 6210, 3184, 11100, 70, 4904, 1936, 6176, 6230, 22927, 6204, 10949, 3191, 3185, 6146, 26999, 6168, 9444, 6231, 6147, 6209, 6193, 345651, 6223, 4076, 6181, 1993, 6175, 8880, 6208, 9669, 6222, 9987"
spectral,12,156,12,integral component of postsynaptic membrane (GO:0099055),9.74193272644234e-06,"3739, 3736, 3759, 23266, 2894, 2043, 491, 575, 1128, 4897, 3738, 3751"
spectral,16,43,4,postsynaptic neurotransmitter receptor endocytosis (GO:0098884),1.45570654617874e-05,"2060, 1173, 163, 1175"
spectral,81,5,3,synaptic vesicle proton loading (GO:0097401),5.65436229346465e-05,"529, 534, 9550"
spectral,12,156,9,"postsynaptic density, intracellular component (GO:0099092)",8.03637135038878e-05,"1741, 9228, 1739, 10458, 85358, 9229, 23096, 85461, 392862"
spectral,81,5,3,extrinsic component of synaptic vesicle membrane (GO:0098850),8.24868056276181e-05,"529, 534, 9550"
spectral,29,240,4,exocytic insertion of neurotransmitter receptor to postsynaptic membrane (GO:0098967),0.0006948591081714,"6810, 8773, 22908, 116841"
spectral,12,156,5,regulation of postsynaptic density assembly (GO:0099151),0.0008440164373805,"26037, 2895, 9378, 869, 26045"
spectral,29,240,5,synaptic vesicle exocytosis (GO:0016079),0.0011178184908884,"6616, 6804, 6844, 112755, 10497"
spectral,12,156,5,neurotransmitter receptor localization to postsynaptic specialization membrane (GO:0099645),0.0011451464775038,"1742, 1740, 1739, 9369, 81832"
spectral,15,47,6,integral component of postsynaptic density membrane (GO:0099061),0.0011555263089772,"2891, 2892, 2045, 5792, 2893, 57622"
spectral,15,47,6,integral component of presynaptic membrane (GO:0099056),0.0021194486375137,"2891, 2892, 2048, 5802, 5789, 2913"
spectral,15,47,6,modulation of chemical synaptic transmission (GO:0050804),0.0031605274213581,"2045, 5802, 5786, 5789, 5217, 7204"
spectral,13,11,2,extrinsic component of presynaptic active zone membrane (GO:0098891),0.0033170199569558,"5245, 9162"
spectral,9,85,5,postsynaptic modulation of chemical synaptic transmission (GO:0099170),0.0033463967508927,"5530, 5534, 814, 2185, 4900"
spectral,12,156,7,regulation of postsynapse organization (GO:0099175),0.004231847637622,"10458, 22941, 2894, 85358, 4897, 57497, 85461"
spectral,29,240,3,synaptic vesicle to endosome fusion (GO:0016189),0.0056761486642191,"10228, 23673, 8674"
spectral,29,240,3,regulation of synaptic vesicle priming (GO:0010807),0.0056761486642191,"63908, 134957, 8775"
spectral,52,309,14,postsynaptic ribosome(SYNGO:postsyn_ribosome),0.0060963574723538,"6210, 6176, 6204, 6146, 6168, 6231, 6147, 6209, 6193, 6223, 6181, 6175, 6208, 6222"
spectral,12,156,5,regulation of presynapse assembly (GO:1905606),0.006708048615615,"2895, 57555, 9378, 869, 266727"
spectral,12,156,4,regulation of postsynaptic neurotransmitter receptor activity (GO:0098962),0.006708048615615,"9228, 9379, 9456, 81832"
spectral,12,156,3,anchored component of postsynaptic density membrane (GO:0099031),0.006708048615615,"1742, 1740, 4355"
spectral,15,47,3,regulation of postsynaptic density assembly (GO:0099151),0.0083685278131069,"5802, 5789, 57622"
spectral,12,156,5,transmitter-gated ion channel activity involved in regulation of postsynaptic membrane potential (GO:1904315),0.0108013640440143,"2903, 2904, 2905, 2906, 2902"
spectral,16,43,6,postsynaptic density (GO:0014069),0.0144018950301787,"1612, 56924, 26750, 11069, 9101, 6169"
spectral,12,156,5,regulation of postsynaptic membrane neurotransmitter receptor levels (GO:0099072),0.015275425959201,"1741, 9369, 1948, 1501, 392862"
spectral,64,33,5,postsynaptic ribosome(SYNGO:postsyn_ribosome),0.0168173991760298,"6217, 6188, 6207, 6164, 6228"
spectral,20,72,4,anchored component of synaptic vesicle membrane (GO:0098993),0.0168570625923492,"5869, 5868, 7879, 5878"
spectral,15,47,3,presynaptic active zone cytoplasmic component (GO:0098831),0.0172737040886655,"8541, 27445, 26059"
spectral,15,47,2,trans-synaptic signaling (GO:0099537),0.0184197567177652,"5802, 5789"
spectral,12,156,10,postsynaptic density (GO:0014069),0.02529835064898,"9863, 50944, 22941, 85358, 9456, 1501, 8777, 8525, 9758, 84435"
spectral,15,47,3,ligand-gated ion channel activity involved in regulation of presynaptic membrane potential (GO:0099507),0.0256643591998933,"2891, 2892, 2893"
spectral,15,47,3,synapse adhesion between pre- and post-synapse (GO:0099560),0.026434354161658,"5802, 5792, 5789"
spectral,15,47,3,transmitter-gated ion channel activity involved in regulation of postsynaptic membrane potential (GO:1904315),0.0273605756509702,"2891, 2892, 2893"
spectral,12,156,8,modulation of chemical synaptic transmission (GO:0050804),0.0289190688613935,"9228, 58512, 10458, 50944, 85358, 9229, 57497, 23096"
spectral,12,156,5,integral component of presynaptic active zone membrane (GO:0099059),0.0304499426719933,"2904, 2906, 2902, 491, 9378"
spectral,73,159,3,postsynaptic ribosome,0.0320054623307247,"3921, 6203, 6202"
spectral,12,156,3,voltage-gated ion channel activity involved in regulation of presynaptic membrane potential (GO:0099508),0.0331401046528102,"3739, 3736, 6326"
spectral,15,47,2,"neurotransmitter receptor transport, endosome to postsynaptic membrane (GO:0098887)",0.0369134659155975,"80852, 23426"
spectral,15,47,2,structural constituent of active zone (GO:0098882),0.0369134659155975,"27445, 26059"
spectral,15,47,4,integral component of postsynaptic membrane (GO:0099055),0.0383313740227023,"2891, 2892, 2048, 2913"
spectral,12,156,2,voltage-gated ion channel activity involved in regulation of postsynaptic membrane potential (GO:1905030),0.0396979720500039,"3736, 3751"
spectral,12,156,4,ligand-gated ion channel activity involved in regulation of presynaptic membrane potential (GO:0099507),0.0416495253625103,"2903, 2904, 2906, 2902"
spectral,29,240,3,calcium-dependent activation of synaptic vesicle fusion (GO:0099502),0.0438947204508135,"6857, 8448, 127833"
spectral,15,47,3,integral component of presynaptic active zone membrane (GO:0099059),0.0442166392738252,"2891, 2892, 2893"
spectral,12,156,4,integral component of postsynaptic specialization membrane (GO:0099060),0.0476674681891517,"22871, 57555, 3751, 26045"
spectral,50,1,1,anterograde dendritic transport of messenger ribonucleoprotein complex (GO:0098964),0.0487301259549788,27067
wt,60,7,6,integral component of postsynaptic specialization membrane (GO:0099060),3.4399550111027297e-12,"2561, 2560, 2562, 2554, 2555, 2566"
wt,60,7,6,transmitter-gated ion channel activity involved in regulation of postsynaptic membrane potential (GO:1904315),3.4399550111027297e-12,"2561, 2560, 2562, 2554, 2555, 2566"
wt,6,129,11,integral component of synaptic vesicle membrane (GO:0030285),4.81383874788846e-07,"6804, 10228, 527, 6857, 8675, 6844, 23673, 6843, 127833, 9341, 8417"
wt,5,42,6,anchored component of synaptic vesicle membrane (GO:0098993),5.20520706047462e-07,"9230, 5867, 10890, 53916, 51552, 7879"
wt,60,7,4,ligand-gated ion channel activity involved in regulation of presynaptic membrane potential (GO:0099507),5.78086708435799e-07,"2561, 2560, 2554, 2555"
wt,1,1737,64,postsynaptic density (GO:0014069),5.27444959714549e-06,"1821, 3836, 7249, 5058, 815, 10006, 3646, 3184, 11331, 5063, 1627, 1612, 27185, 6774, 5594, 2932, 3312, 6136, 2059, 4646, 1855, 140735, 50944, 22941, 160622, 80852, 5062, 23396, 8536, 5590, 85358, 7248, 8661, 3337, 9456, 6009, 56924, 5604, 54477, 156, 6232, 1501, 3188, 3187, 816, 26750, 56899, 8650, 10460, 5332, 8777, 11069, 23426, 6129, 6188, 6207, 8997, 9101, 84687, 6175, 8525, 55607, 6222, 9455"
wt,69,5,3,synaptic cleft (GO:0043083),1.04582787436394e-05,"43, 3915, 3911"
wt,155,2,2,perisynaptic extracellular matrix (GO:0098966),2.0128098287892e-05,"7143, 176"
wt,6,129,4,exocytic insertion of neurotransmitter receptor to postsynaptic membrane (GO:0098967),5.67461308152197e-05,"6810, 8773, 22908, 116841"
wt,1,1737,46,modulation of chemical synaptic transmission (GO:0050804),6.75427100156293e-05,"1759, 3688, 6198, 5048, 1072, 9228, 4645, 4684, 58512, 65125, 5764, 5335, 2045, 10458, 1009, 5802, 5789, 6774, 5216, 2534, 5576, 5217, 5601, 613, 11252, 50944, 2915, 7337, 85358, 5599, 5595, 1000, 29, 347733, 9229, 3781, 2047, 5577, 5332, 8831, 7204, 5141, 6792, 55607, 9465, 6533"
wt,46,4,3,translation at presynapse (GO:0140236),0.0003647621413919,"6193, 6234, 6208"
wt,46,4,3,presynaptic ribosome(SYNGO:presyn_ribosome),0.0003647621413919,"6193, 6234, 6208"
wt,46,4,3,translation at postsynapse (GO:0140242),0.0003647621413919,"6193, 6234, 6208"
wt,60,7,3,integral component of presynaptic active zone membrane (GO:0099059),0.000392422156511,"2561, 2560, 2555"
wt,1,1737,103,synapse (GO:0045202),0.000525913301255,"6455, 2060, 7531, 6456, 6198, 5573, 7249, 10971, 7532, 7533, 2280, 1173, 3184, 1191, 3556, 163, 274, 11100, 1009, 5803, 10163, 5576, 1936, 6176, 5515, 6136, 3921, 1008, 6165, 6133, 396, 8894, 23521, 4218, 6204, 10949, 1857, 10211, 6195, 57144, 8497, 8541, 7415, 1809, 1938, 8499, 1965, 1968, 5530, 5518, 6137, 2556, 5970, 5911, 51386, 6201, 6218, 6159, 6224, 6009, 388, 3185, 6146, 375790, 6160, 6191, 6122, 6168, 6135, 6232, 5532, 5534, 3692, 6187, 5519, 8567, 1917, 1984, 2239, 64854, 55327, 8665, 8662, 1175, 7284, 6129, 6209, 6188, 2319, 6139, 6207, 5520, 6233, 6229, 6154, 6175, 221092, 8986, 8880, 8825, 6205, 9669, 6222"
wt,46,4,3,postsynaptic ribosome(SYNGO:postsyn_ribosome),0.000565215868953,"6193, 6234, 6208"
wt,6,129,3,synaptic vesicle to endosome fusion (GO:0016189),0.0010898860045462,"10228, 23673, 8674"
wt,6,129,3,regulation of synaptic vesicle priming (GO:0010807),0.0010898860045462,"63908, 134957, 8775"
wt,75,2,2,regulation of postsynaptic density assembly (GO:0099151),0.0013284544870008,"2895, 869"
wt,6,129,4,synaptic vesicle exocytosis (GO:0016079),0.0014616982500715,"6616, 6804, 6844, 112755"
wt,1,1737,55,presynapse (GO:0098793),0.0015158140950526,"273, 6455, 1793, 322, 7532, 7533, 5799, 5764, 28988, 27185, 23607, 5499, 5861, 10755, 5216, 51429, 5217, 3312, 1855, 10211, 26060, 5566, 8497, 9223, 23043, 1808, 5501, 2596, 2571, 8851, 57524, 156, 6232, 118, 6386, 64601, 57617, 25977, 8573, 8618, 782, 10497, 6712, 8997, 4983, 8495, 8867, 8871, 79641, 55607, 6000, 85439, 93664, 9722, 79065"
wt,1,1737,10,regulation of modification of postsynaptic actin cytoskeleton (GO:1905274),0.0015158140950526,"387, 10458, 6453, 5747, 7074, 4628, 4082, 23191, 8997, 83992"
wt,1,1737,12,presynapse assembly (GO:0099054),0.0015158140950526,"1947, 23705, 5802, 5789, 1855, 8497, 8541, 1948, 8499, 6386, 65059, 8500"
wt,75,2,2,regulation of presynapse assembly (GO:1905606),0.0017209524036147,"2895, 869"
wt,14,423,18,postsynaptic ribosome(SYNGO:postsyn_ribosome),0.001910394606581,"6210, 6189, 6194, 9349, 6156, 4736, 6231, 6147, 6223, 6144, 6125, 6134, 6164, 6173, 6169, 6228, 9045, 6206"
wt,171,2,2,synaptic vesicle proton loading (GO:0097401),0.0021134503202286,"529, 9550"
wt,171,2,2,extrinsic component of synaptic vesicle membrane (GO:0098850),0.0021134503202286,"529, 9550"
wt,76,2,2,synapse adhesion between pre- and post-synapse (GO:0099560),0.0042269006404573,"64101, 22854"
wt,152,2,2,synapse adhesion between pre- and post-synapse (GO:0099560),0.0042269006404573,"57689, 84628"
wt,43,8,2,regulation of calcium-dependent activation of synaptic vesicle fusion (GO:0150037),0.0058932506630934,"774, 23504"
wt,43,8,2,voltage-gated calcium channel activity involved in regulation of presynaptic cytosolic calcium levels (GO:0099626),0.0058932506630934,"774, 23504"
wt,1,1737,10,extrinsic component of presynaptic endocytic zone membrane (GO:0098894),0.0064260980258574,"273, 2060, 58513, 1487, 1173, 29924, 163, 8301, 1175, 9892"
wt,1,1737,13,postsynaptic actin cytoskeleton (GO:0098871),0.0064260980258574,"4645, 1627, 2017, 6453, 71, 88, 4646, 60, 23345, 4628, 4644, 55607, 83992"
wt,1,1737,21,synaptic vesicle endocytosis (GO:0048488),0.0064260980258574,"273, 1759, 1785, 2060, 58513, 1487, 29993, 6456, 1173, 5868, 29924, 1213, 163, 274, 6453, 1729, 6622, 8301, 1175, 9892, 85439"
wt,1,1737,24,"postsynaptic density, intracellular component (GO:0099092)",0.0064260980258574,"6455, 1785, 4842, 1741, 9228, 6457, 10458, 1499, 2534, 88, 2597, 613, 80852, 23043, 85358, 29, 9229, 56899, 1500, 9478, 8831, 6792, 9495, 9922"
wt,1,1737,24,regulation of postsynapse organization (GO:0099175),0.0064260980258574,"5663, 207, 7249, 5048, 5063, 50807, 2045, 10458, 27185, 6453, 5792, 998, 3312, 1855, 22941, 7074, 85358, 6009, 8976, 2011, 11069, 102, 6792, 4763"
wt,1,1737,17,postsynaptic cytosol (GO:0099524),0.0092326762294824,"1605, 4734, 2475, 3800, 3064, 815, 9001, 1627, 10458, 5300, 5582, 5728, 5580, 9456, 2332, 230, 9783"
wt,1,1737,17,regulation of postsynaptic neurotransmitter receptor endocytosis (GO:0099149),0.0092326762294824,"29993, 4734, 5898, 9001, 9463, 23345, 1948, 23396, 5534, 8650, 55697, 22933, 64854, 4983, 8867, 9495, 9922"
wt,15,33,3,structural constituent of postsynaptic density (GO:0098919),0.0092891593664325,"9863, 1740, 1739"
wt,15,33,3,neurotransmitter receptor localization to postsynaptic specialization membrane (GO:0099645),0.0092891593664325,"1740, 1739, 81832"
wt,1,1737,9,postsynapse to nucleus signaling pathway (GO:0099527),0.0110808973389996,"3836, 3064, 10006, 6774, 5970, 814, 26012, 56899, 9478"
wt,72,3,2,integral component of postsynaptic specialization membrane (GO:0099060),0.0126475223666648,"3752, 3751"
wt,46,4,3,synapse (GO:0045202),0.0132830742114511,"6193, 6234, 6208"
wt,557,1,1,synaptic signaling via neuropeptide (GO:0099538),0.0162433753183263,5179
wt,557,1,1,synaptic vesicle lumen (GO:0034592),0.0162433753183263,5179
wt,557,1,1,neuronal dense core vesicle lumen (GO:0099013),0.0162433753183263,5179
wt,1,1737,58,postsynapse (GO:0098794),0.0174399124047145,"2316, 6456, 1975, 6198, 387, 5058, 4645, 29924, 4915, 28964, 5764, 2017, 28988, 5499, 10755, 5216, 6711, 5879, 5747, 5217, 3312, 25791, 4649, 26060, 140735, 5566, 1020, 6709, 5501, 27, 3337, 116986, 8976, 23191, 53335, 118, 814, 8301, 3927, 26012, 2011, 10297, 4644, 6710, 5577, 10612, 23426, 782, 5073, 10097, 102, 22849, 7204, 8411, 10096, 6175, 9722, 80728"
wt,59,5,2,regulation of synaptic vesicle endocytosis (GO:1900242),0.0210212051418532,"55737, 51699"
wt,773,1,1,calcium ion binding involved in regulation of presynaptic cytosolic calcium levels (GO:0099534),0.0243650629774894,793
wt,773,1,1,calcium ion binding involved in regulation of postsynaptic cytosolic calcium levels (GO:0099567),0.0243650629774894,793
wt,1,1737,8,postsynaptic specialization (GO:0099572),0.0245407314392076,"1756, 7534, 58512, 22839, 9463, 2743, 8499, 23229"
wt,76,2,2,modulation of chemical synaptic transmission (GO:0050804),0.0250091621227058,"64101, 22854"
wt,152,2,2,modulation of chemical synaptic transmission (GO:0050804),0.0250091621227058,"57689, 84628"
wt,8,20,4,integral component of presynaptic membrane (GO:0099056),0.0254397997635221,"1813, 6531, 6529, 1268"
wt,14,423,33,synapse (GO:0045202),0.0341279884939465,"3178, 4670, 6210, 70, 4904, 6230, 22927, 6189, 6143, 9349, 6156, 4736, 6203, 9444, 6231, 6147, 345651, 6223, 6144, 6125, 4076, 6134, 1993, 8473, 6164, 6173, 8672, 6169, 6678, 9987, 6228, 9045, 6206"
wt,15,33,4,integral component of postsynaptic membrane (GO:0099055),0.0430630151162063,"3739, 3759, 2894, 4897"
wt,1,1737,20,presynaptic cytosol (GO:0099523),0.0443117213462986,"6456, 3064, 815, 1460, 9135, 9001, 10458, 114088, 5582, 8499, 6812, 5581, 4082, 2332, 120892, 5578, 5579, 65059, 56899, 5533"
wt,207,1,1,anterograde dendritic transport of messenger ribonucleoprotein complex (GO:0098964),0.0487301259549788,27067
wt,271,1,1,extrasynaptic space (GO:0099544),0.0487301259549788,5327
wt,278,1,1,intracellular cAMP-activated cation channel activity involved in regulation of presynaptic membrane potential (GO:0140232),0.0487301259549788,348980
wt,328,1,1,metabolism(SYNGO:metabolism),0.0487301259549788,388662
wt,438,1,1,postsynaptic ER(SYNGO:postsyn_er),0.0487301259549788,8892
wt,451,1,1,regulation of proton loading (GO:1901546),0.0487301259549788,23312
wt,271,1,1,"trans-synaptic signaling by BDNF, modulating synaptic transmission (GO:0099183)",0.048730125955005,5327
