alg,clNo,clustsize,no.Trubetskoy Broad,no. Trubetskoy Priortised,Molecular Function,Biological Function,Diseases,False Trub Enrichment
sgG2,23,51,0,0,"['structural constituent of ribosome', 'RNA binding', 'rRNA binding', ""mRNA 5'-UTR binding"", 'small ribosomal subunit rRNA binding', 'ubiquitin ligase inhibitor activity', 'tubulin binding', 'large ribosomal subunit rRNA binding', 'MDM2/MDM4 family protein binding', 'mRNA binding']","['translation', 'cytoplasmic_translation', 'ribosomal_small_subunit_biogenesis', 'rRNA_processing', 'ribosomal_small_subunit_assembly', 'maturation_of_SSU-rRNA_from_tricistronic...', 'maturation_of_SSU-rRNA']",[],False
sgG2,21,41,0,0,"['SNAP receptor activity', 'syntaxin binding', 'SNARE binding', 'syntaxin-1 binding', 'calcium-dependent protein binding', 'chloride channel inhibitor activity', 'monoamine:proton antiporter activity', 'myosin II binding', 'calcium-dependent phospholipid binding', 'phosphatidylserine binding', 'clathrin binding', 'structural molecule activity', 'soluble NSF attachment protein activity', 'extracellular matrix structural constituent']","['vesicle_docking', 'synaptic_vesicle_fusion_to_presynaptic_a...', 'vesicle_fusion', 'exocytosis', 'SNARE_complex_assembly', 'regulation_of_synaptic_vesicle_priming', 'membrane_fusion', 'intracellular_protein_transport', 'synaptic_vesicle_priming', 'regulation_of_exocytosis', 'plasminogen_activation', 'fibrinolysis', 'blood_coagulation,_fibrin_clot_formation', 'positive_regulation_of_peptide_hormone_s...', 'negative_regulation_of_endothelial_cell_...', 'positive_regulation_of_heterotypic_cell-...', 'neurotransmitter_loading_into_synaptic_v...', 'protein_polymerization', 'platelet_aggregation', 'synaptic_vesicle_exocytosis', 'positive_regulation_of_exocytosis', 'calcium_ion-regulated_exocytosis_of_neur...', 'negative_regulation_of_extrinsic_apoptot...', 'positive_regulation_of_vasoconstriction', 'regulation_of_calcium_ion-dependent_exoc...', 'exocytic_insertion_of_neurotransmitter_r...', 'cornified_envelope_assembly', 'vesicle_targeting', 'regulation_of_protein_secretion', 'induction_of_bacterial_agglutination', 'regulation_of_dopamine_secretion', 'cellular_response_to_calcium_ion', 'endocytic_recycling', 'calcium_ion_regulated_exocytosis', 'histamine_secretion_by_mast_cell', 'synaptic_vesicle_to_endosome_fusion', 'SNARE_complex_disassembly', 'serotonin_uptake', 'insulin_secretion', 'positive_regulation_of_protein_secretion', 'protein-containing_complex_assembly']",['frontotemporal_dementia'],False
sgG2,35,29,0,0,"['RNA binding', 'mRNA binding', 'single-stranded DNA binding', ""mRNA 3'-UTR binding"", 'single-stranded RNA binding', 'poly(A) binding', 'pre-mRNA binding', 'G-rich strand telomeric DNA binding', 'pre-mRNA intronic binding', 'poly(U) RNA binding', 'poly(G) binding', 'DNA binding', 'miRNA binding', 'molecular condensate scaffold activity', ""mRNA 3'-UTR AU-rich region binding"", 'translation activator activity', 'C-rich single-stranded DNA binding', 'minor groove of adenine-thymine-rich DNA binding', 'telomeric DNA binding', 'telomeric repeat-containing RNA binding', 'sequence-specific single stranded DNA binding', 'single-stranded telomeric DNA binding', 'RNA polymerase II complex binding', 'TFIIH-class transcription factor complex binding', 'snRNA binding', 'poly(C) RNA binding', 'RNA polymerase II C-terminal domain binding', 'promoter-specific chromatin binding', ""3',5'-cyclic-AMP phosphodiesterase activity""]","['mRNA_splicing,_via_spliceosome', 'RNA_processing', 'regulation_of_RNA_splicing', 'mRNA_processing', 'CRD-mediated_mRNA_stabilization', 'Arp2/3_complex-mediated_actin_nucleation', 'positive_regulation_of_cytoplasmic_trans...', 'mRNA_transport', 'regulation_of_alternative_mRNA_splicing,...', 'negative_regulation_of_nuclear-transcrib...', 'viral_RNA_genome_replication', 'positive_regulation_of_telomerase_RNA_re...', 'regulation_of_mRNA_splicing,_via_spliceo...', 'asymmetric_cell_division', 'meiotic_chromosome_movement_towards_spin...', 'meiotic_cytokinesis', 'regulation_of_gene_expression', 'positive_regulation_of_transcription_by_...', 'negative_regulation_of_telomere_maintena...', 'actin_polymerization-dependent_cell_moti...', 'spindle_localization', 'positive_regulation_of_lamellipodium_ass...', 'mRNA_stabilization', 'negative_regulation_of_mRNA_splicing,_vi...']",[],False
sgG2,3,8,0,0,"['GABA-A receptor activity', 'GABA-gated chloride ion channel activity', 'chloride channel activity', 'neurotransmitter receptor activity', 'transmitter-gated monoatomic ion channel activity involved in regulation of postsynaptic membrane potential', 'inhibitory extracellular ligand-gated monoatomic ion channel activity', 'benzodiazepine receptor activity', 'GABA receptor activity', 'GABA receptor binding', 'ligand-gated monoatomic ion channel activity involved in regulation of presynaptic membrane potential', 'complement component C1q complex binding', 'kininogen binding', 'adrenergic receptor binding', 'mitochondrial ribosome binding', 'ligand-gated monoatomic ion channel activity', 'G protein-coupled neurotransmitter receptor activity involved in regulation of presynaptic membrane potential']","['nervous_system_process', 'gamma-aminobutyric_acid_signaling_pathwa...', 'inhibitory_synapse_assembly', 'chloride_transmembrane_transport', 'synaptic_transmission,_GABAergic', 'cellular_response_to_histamine', 'regulation_of_postsynaptic_membrane_pote...', 'signal_transduction', 'regulation_of_membrane_potential']","['epilepsy_syndrome', 'autistic_disorder', 'autism_spectrum_disorder', 'schizophrenia', 'bipolar_disorder']",False
sgG2,1,31,0,0,"['clathrin adaptor activity', 'clathrin binding', 'clathrin light chain binding', 'clathrin heavy chain binding', 'low-density lipoprotein particle receptor binding', 'phosphatidylinositol-3,4-bisphosphate binding', 'phosphatidylinositol-3,5-bisphosphate binding', 'peptide binding']","['clathrin-dependent_endocytosis', 'clathrin_coat_assembly', 'endocytosis', 'regulation_of_endocytosis', 'intracellular_protein_transport', 'synaptic_vesicle_endocytosis', 'vesicle-mediated_transport', 'postsynaptic_neurotransmitter_receptor_i...', 'establishment_of_epithelial_cell_polarit...', 'endosomal_transport']",[],False
sgG2,19,59,7,3,"['glutamate-gated calcium ion channel activity', 'NMDA glutamate receptor activity', 'neurexin family protein binding', 'voltage-gated potassium channel activity', 'delayed rectifier potassium channel activity', 'glutamate binding', 'signaling receptor activity', 'voltage-gated monoatomic ion channel activity involved in regulation of postsynaptic membrane potential', 'transmitter-gated monoatomic ion channel activity involved in regulation of postsynaptic membrane potential', 'guanylate kinase activity', 'PDZ domain binding', 'scaffold protein binding', 'glutamate-gated receptor activity', 'beta-1 adrenergic receptor binding', 'obsolete neurotransmitter binding', 'voltage-gated monoatomic ion channel activity involved in regulation of presynaptic membrane potential', 'kinase binding', 'phosphatase binding', 'acetylcholine receptor binding', 'glycine binding', 'outward rectifier potassium channel activity', 'neuroligin family protein binding', 'inward rectifier potassium channel activity', 'cell adhesion molecule binding', 'amyloid-beta binding']","['positive_regulation_of_excitatory_postsy...', 'positive_regulation_of_synaptic_transmis...', 'cation_transmembrane_transport', 'chemical_synaptic_transmission', 'potassium_ion_transmembrane_transport', 'regulation_of_ion_transmembrane_transpor...', 'embryo_development', 'regulation_of_cation_transmembrane_trans...', 'calcium_ion_transmembrane_import_into_cy...', 'excitatory_chemical_synaptic_transmissio...', 'receptor_localization_to_synapse', 'postsynaptic_membrane_assembly', 'presynaptic_membrane_assembly', 'ionotropic_glutamate_receptor_signaling_...', 'social_behavior', 'positive_regulation_of_synapse_assembly', 'brain_development', 'neuron_cell-cell_adhesion', 'receptor_clustering', 'calcium-mediated_signaling', 'synapse_assembly', 'regulation_of_presynaptic_membrane_poten...', 'protein_homooligomerization', 'presynapse_assembly', 'establishment_or_maintenance_of_epitheli...', 'regulation_of_neuronal_synaptic_plastici...', 'excitatory_postsynaptic_potential', 'cell-cell_adhesion', 'regulation_of_synaptic_plasticity', 'sensory_perception_of_pain', 'GMP_metabolic_process', 'GDP_metabolic_process', 'visual_learning', 'glutamate_receptor_signaling_pathway', 'synapse_organization', 'startle_response', 'postsynaptic_density_protein_95_clusteri...', 'negative_regulation_of_excitatory_postsy...', 'potassium_ion_transport', 'vocalization_behavior', 'synaptic_transmission,_glutamatergic', 'cellular_response_to_potassium_ion', 'membrane_repolarization_during_action_po...', 'directional_locomotion', 'protein_localization_to_postsynaptic_mem...', 'protein_heterotetramerization', 'regulation_of_respiratory_gaseous_exchan...', 'auditory_receptor_cell_stereocilium_orga...', 'locomotor_rhythm', 'rhythmic_synaptic_transmission', 'sensory_perception_of_light_stimulus', 'equilibrioception', 'long-term_synaptic_potentiation', 'neurotransmitter_receptor_localization_t...', 'corpus_callosum_development', 'regulation_of_postsynaptic_membrane_pote...', 'neuromuscular_process_controlling_balanc...', 'neuronal_action_potential', 'regulation_of_postsynaptic_density_assem...', 'protein_localization', 'negative_regulation_of_receptor_internal...', 'optic_nerve_development', 'neuronal_signal_transduction', 'positive_regulation_of_cysteine-type_end...', 'potassium_ion_import_across_plasma_membr...', 'muscle_contraction', 'multicellular_organismal_response_to_str...', 'gephyrin_clustering_involved_in_postsyna...', 'cerebellar_granule_cell_differentiation', 'photoreceptor_cell_maintenance', 'ion_transmembrane_transport', 'nervous_system_development', 'adult_behavior', 'negative_regulation_of_protein_kinase_B_...', 'protein_localization_to_synapse']","['autistic_disorder', 'autism_spectrum_disorder', 'intellectual_disability', 'epilepsy_syndrome', 'schizophrenia']",False
sgG2,16,3,0,0,"['protein-macromolecule adaptor activity', 'ubiquitin protein ligase activity', 'syntaxin binding']","['endosomal_vesicle_fusion', 'regulation_of_SNARE_complex_assembly', 'endosome_to_lysosome_transport', 'organelle_fusion', 'negative_regulation_of_intracellular_est...', 'endosome_organization', 'intracellular_protein_transport', 'vesicle_docking_involved_in_exocytosis', 'autophagy', 'protein_ubiquitination']",[],False
sgG2,11,45,0,0,"['SH3 domain binding', 'protein tyrosine kinase activity', 'non-membrane spanning protein tyrosine kinase activity', 'ephrin receptor binding', 'protein self-association', 'SH2 domain binding', 'phosphotyrosine residue binding', 'synaptic receptor adaptor activity', 'scaffold protein binding', 'signaling adaptor activity', 'receptor tyrosine kinase binding', 'phospholipase activator activity', 'latrotoxin receptor activity', 'neurotrophin TRKA receptor binding', 'type 5 metabotropic glutamate receptor binding', 'structural constituent of postsynaptic density', 'transmembrane-ephrin receptor activity', 'manganese ion binding', 'protein kinase C binding', 'cytoskeletal protein binding', 'protein kinase activity', 'kinase activity', 'G protein-coupled receptor activity', 'cadherin binding', 'GTPase activator activity', 'ATP binding', 'phospholipase binding', 'actin monomer binding', 'ionotropic glutamate receptor binding']","['peptidyl-tyrosine_phosphorylation', 'epidermal_growth_factor_receptor_signali...', 'ephrin_receptor_signaling_pathway', 'signal_complex_assembly', 'cellular_response_to_transforming_growth...', 'vascular_endothelial_growth_factor_recep...', 'regulation_of_postsynaptic_neurotransmit...', 'regulation_of_cell_adhesion_mediated_by_...', 'regulation_of_dendrite_development', 'protein_phosphorylation', 'positive_regulation_of_substrate_adhesio...', 'Fc-gamma_receptor_signaling_pathway_invo...', 'T_cell_receptor_signaling_pathway', 'positive_regulation_of_epithelial_cell_m...', 'focal_adhesion_assembly', 'protein_autophosphorylation', 'regulation_of_actin_cytoskeleton_organiz...', 'positive_regulation_of_peptidyl-tyrosine...', 'cellular_response_to_lipopolysaccharide', 'integrin-mediated_signaling_pathway', 'positive_regulation_of_protein_localizat...', 'regulation_of_cell_adhesion', 'regulation_of_GTPase_activity', 'negative_regulation_of_inflammatory_resp...', 'helper_T_cell_diapedesis', 'response_to_hydrogen_peroxide', 'cerebellar_neuron_development', 'regulation_of_T_cell_migration', 'urogenital_system_development', 'activated_T_cell_proliferation', 'regulation_of_epithelial_cell_migration', 'cellular_response_to_fluid_shear_stress', 'positive_regulation_of_oxidoreductase_ac...', 'endothelin_receptor_signaling_pathway', 'cell_migration', 'neuromuscular_process_controlling_balanc...', 'signaling', 'reelin-mediated_signaling_pathway', 'postsynaptic_specialization_assembly', 'regulation_of_cell-cell_adhesion', 'negative_regulation_of_actin_filament_bu...', 'regulation_of_modification_of_synaptic_s...', 'myoblast_proliferation', 'regulation_of_vascular_permeability', 'corticospinal_tract_morphogenesis', 'positive_regulation_of_establishment_of_...', 'establishment_of_cell_polarity', 'positive_regulation_of_cytosolic_calcium...', 'cellular_response_to_hydrogen_peroxide', 'social_behavior', 'signal_transduction', 'modulation_of_chemical_synaptic_transmis...', 'associative_learning', 'vocalization_behavior', 'megakaryocyte_development', 'positive_regulation_of_potassium_ion_tra...', 'positive_regulation_of_smooth_muscle_cel...', 'peptidyl-tyrosine_autophosphorylation', 'forebrain_development', 'maintenance_of_postsynaptic_density_stru...', 'negative_regulation_of_anoikis', 'inner_ear_morphogenesis', 'positive_regulation_of_long-term_neurona...', 'cellular_response_to_platelet-derived_gr...', 'regulation_of_cell_motility', 'positive_regulation_of_release_of_seques...', 'bone_resorption', 'positive_regulation_of_I-kappaB_kinase/N...', 'adherens_junction_organization', 'regulation_of_cell_shape', 'cellular_response_to_amyloid-beta', 'dendritic_spine_morphogenesis', 'negative_regulation_of_ERK1_and_ERK2_cas...', 'positive_regulation_of_dendritic_spine_d...', 'heart_morphogenesis', 'positive_regulation_of_T_cell_migration', 'negative_regulation_of_cell_adhesion', 'lipid_metabolic_process', 'stress_fiber_assembly', 'negative_regulation_of_cell-cell_adhesio...', 'cell_surface_receptor_signaling_pathway', 'axon_guidance', 'positive_regulation_of_cell_proliferatio...', 'positive_regulation_of_ERK1_and_ERK2_cas...', 'neuron_migration', 'angiogenesis', 'response_to_ethanol', 'regulation_of_dendritic_spine_morphogene...', 'response_to_mechanical_stimulus', 'negative_regulation_of_long-term_synapti...', 'behavioral_response_to_cocaine', 'positive_regulation_of_protein_tyrosine_...', 'stimulatory_C-type_lectin_receptor_signa...', 'positive_regulation_of_calcium_ion_trans...', 'cell_chemotaxis', 'retinal_ganglion_cell_axon_guidance', 'transforming_growth_factor_beta_receptor...', 'positive_regulation_of_ubiquitin-depende...', 'protein_modification_process', 'response_to_xenobiotic_stimulus', 'regulation_of_endocytosis', 'spermatogenesis', 'learning', 'adult_behavior', 'I-kappaB_kinase/NF-kappaB_signaling', 'regulation_of_autophagy', 'regulation_of_focal_adhesion_assembly', 'positive_regulation_of_dendrite_morphoge...', 'leukocyte_migration', 'positive_regulation_of_protein_kinase_ac...', 'cellular_response_to_retinoic_acid', 'positive_regulation_of_cell_migration']","['autistic_disorder', 'autism_spectrum_disorder']",False
sgG2,28,17,0,0,"['diacylglycerol-dependent serine/threonine kinase activity', 'calcium,diacylglycerol-dependent serine/threonine kinase activity', 'protein serine kinase activity', 'protein serine/threonine kinase activity', 'protein kinase activity', 'ATP binding', 'diacylglycerol-dependent, calcium-independent serine/threonine kinase activity', 'histone H3T6 kinase activity', 'enzyme activator activity', '14-3-3 protein binding', 'insulin receptor substrate binding', 'zinc ion binding', 'protein kinase C binding', 'A2A adenosine receptor binding', 'excitatory extracellular ligand-gated monoatomic ion channel activity', 'extracellularly glycine-gated ion channel activity', 'extracellularly glycine-gated chloride channel activity', 'lysophosphatidic acid binding', 'ethanol binding', 'nuclear androgen receptor binding', 'voltage-gated monoatomic anion channel activity', 'porin activity', 'ceramide binding', 'protein kinase binding', 'enzyme binding']","['peptidyl-serine_phosphorylation', 'protein_phosphorylation', 'intracellular_signal_transduction', 'negative_regulation_of_insulin_receptor_...', 'post-translational_protein_modification', 'negative_regulation_of_peptidyl-tyrosine...', 'mitotic_nuclear_envelope_disassembly', 'apoptotic_process', 'negative_regulation_of_glial_cell_apopto...', 'regulation_of_insulin_secretion_involved...', 'peptidyl-threonine_phosphorylation', 'regulation_of_growth', 'neuron_projection_extension', 'activation_of_protein_kinase_activity', 'response_to_morphine', 'protein_kinase_C-activating_G_protein-co...', 'cell_cycle', 'regulation_of_mRNA_stability', 'establishment_of_cell_polarity', 'Fc-gamma_receptor_signaling_pathway_invo...', 'negative_regulation_of_protein_ubiquitin...', 'chromatin_remodeling', 'positive_regulation_of_angiogenesis', 'positive_regulation_of_cell_migration', 'positive_regulation_of_I-kappaB_kinase/N...', 'negative_regulation_of_gene_silencing_by...', 'regulation_of_translational_elongation', 'regulation_of_intracellular_calcium_acti...', 'chemosensory_behavior', 'regulation_of_response_to_food', 'positive_regulation_of_mismatch_repair', 'response_to_psychosocial_stress', 'positive_regulation_of_Schwann_cell_chem...', 'regulation_of_dopaminergic_neuron_differ...', 'regulation_of_non-canonical_Wnt_signalin...', 'regulation_of_muscle_cell_differentiatio...', 'positive_regulation_of_syncytium_formati...', 'positive_regulation_of_T-helper_2_cell_d...', 'positive_regulation_of_T-helper_2_cell_c...', 'axon_choice_point_recognition', 'regulation_of_signaling_receptor_activit...', 'immunoglobulin_mediated_immune_response', 'termination_of_signal_transduction', 'B_cell_proliferation', 'negative_regulation_of_platelet_aggregat...', 'positive_regulation_of_phospholipid_scra...', 'regulation_of_ceramide_biosynthetic_proc...', 'positive_regulation_of_ceramide_biosynth...', 'positive_regulation_of_glucosylceramide_...', 'positive_regulation_of_sphingomyelin_cat...', 'macrophage_activation_involved_in_immune...', 'TRAM-dependent_toll-like_receptor_4_sign...', 'positive_regulation_of_lipid_catabolic_p...', 'mucus_secretion', 'positive_regulation_of_mucus_secretion', 'cellular_response_to_ethanol', 'positive_regulation_of_cellular_glucuron...', 'negative_regulation_of_glucose_transmemb...', 'dibenzo-p-dioxin_metabolic_process', 'positive_regulation_of_vascular_endothel...', 'response_to_vitamin_D', 'positive_regulation_of_odontogenesis_of_...', 'lipoprotein_transport', 'positive_regulation_of_B_cell_receptor_s...', 'cellular_response_to_carbohydrate_stimul...', 'desmosome_assembly', 'positive_regulation_of_lipopolysaccharid...', 'positive_regulation_of_macrophage_differ...', 'positive_regulation_of_adenylate_cyclase...', 'positive_regulation_of_dense_core_granul...', 'establishment_or_maintenance_of_cell_pol...', 'pyruvate_metabolic_process', 'anion_transmembrane_transport', 'regulation_of_synaptic_transmission,_dop...']",[],False
sgG2,4,14,0,0,"['cAMP-dependent protein kinase regulator activity', 'cAMP-dependent protein kinase inhibitor activity', 'cAMP binding', 'protein kinase A catalytic subunit binding', 'protein kinase A regulatory subunit binding', 'ubiquitin protein ligase binding', 'protein kinase A binding', 'proton-transporting ATPase activity, rotational mechanism', 'adenylate cyclase binding', 'protein domain specific binding', 'AMP-activated protein kinase activity', 'cAMP-dependent protein kinase activity', 'dopamine neurotransmitter receptor activity, coupled via Gs', 'dopamine neurotransmitter receptor activity']","['negative_regulation_of_cAMP-dependent_pr...', 'regulation_of_protein_kinase_A_signaling', 'mesoderm_formation', 'cellular_response_to_glucagon_stimulus', 'regulation_of_macroautophagy', 'adenylate_cyclase-activating_G_protein-c...', 'vacuolar_acidification', 'synaptic_vesicle_lumen_acidification', 'proton_transmembrane_transport']",[],False
sgG2,6,4,0,0,['cell-cell adhesion mediator activity'],"['synaptic_membrane_adhesion', 'modulation_of_chemical_synaptic_transmis...', 'regulation_of_neuron_projection_arboriza...', 'regulation_of_neuron_migration', 'regulation_of_neuron_projection_developm...']",[],False
sgG2,14,27,0,0,"['GTPase activity', 'protein serine/threonine kinase activity', 'GTP binding', 'protein kinase binding', 'protein serine kinase activity', 'G protein activity', 'small GTPase binding', 'GTPase activator activity', 'thioesterase binding', 'guanyl-nucleotide exchange factor activity', 'gamma-tubulin binding', 'ATP binding', 'protein kinase activity', 'phospholipid binding', 'GBD domain binding', 'apolipoprotein A-I receptor binding', 'Rho GDP-dissociation inhibitor activity', 'interleukin-33 receptor activity', 'interleukin-1 receptor activity', 'interleukin-1 receptor binding', 'NAD+ ADP-ribosyltransferase activity', 'histone deacetylase activity', 'NAD-dependent histone deacetylase activity', 'protein lysine deacetylase activity', 'NAD-dependent protein deacetylase activity', 'histone acetyltransferase binding', 'tubulin deacetylase activity', 'NAD-dependent histone H4K16 deacetylase activity', 'NAD+ binding', 'NAD-dependent protein demyristoylase activity', 'NAD-dependent protein depalmitoylase activity', 'phospholipase D activity', 'N-acylphosphatidylethanolamine-specific phospholipase D activity', 'phosphatidylinositol 3-kinase regulator activity', 'nuclear import signal receptor activity']","['regulation_of_actin_cytoskeleton_organiz...', 'cell_junction_assembly', 'establishment_of_epithelial_cell_apical/...', 'actin_cytoskeleton_organization', 'intracellular_signal_transduction', 'regulation_of_cell_migration', 'regulation_of_MAPK_cascade', 'positive_regulation_of_stress_fiber_asse...', 'Rho_protein_signal_transduction', 'stimulatory_C-type_lectin_receptor_signa...', 'regulation_of_stress_fiber_assembly', 'Wnt_signaling_pathway,_planar_cell_polar...', 'actin_filament_organization', 'positive_regulation_of_substrate_adhesio...', 'localization', 'cortical_cytoskeleton_organization', 'respiratory_burst', 'regulation_of_neutrophil_migration', 'establishment_or_maintenance_of_cell_pol...', 'substantia_nigra_development', 'regulation_of_axonogenesis', 'hepatocyte_growth_factor_receptor_signal...', 'regulation_of_lamellipodium_assembly', 'regulation_of_modification_of_postsynapt...', 'negative_regulation_of_motor_neuron_apop...', 'engulfment_of_apoptotic_cell', 'phosphorylation', 'ephrin_receptor_signaling_pathway', 'small_GTPase_mediated_signal_transductio...', 'dendritic_spine_morphogenesis', 'motor_neuron_apoptotic_process', 'cell_projection_assembly', 'cell_migration', 'protein_phosphorylation', 'positive_regulation_of_microtubule_polym...', 'motor_neuron_axon_guidance', 'positive_regulation_of_focal_adhesion_as...', 'regulation_of_small_GTPase_mediated_sign...', 'semaphorin-plexin_signaling_pathway', 'cellular_response_to_organic_cyclic_comp...', 'cell_chemotaxis', 'regulation_of_microtubule_cytoskeleton_o...', 'regulation_of_Rho_protein_signal_transdu...', 'positive_regulation_of_cytokinesis', 'regulation_of_focal_adhesion_assembly', 'Golgi_organization', 'lamellipodium_assembly', 'regulation_of_synaptic_vesicle_cycle', 'eye_photoreceptor_cell_development', 'Golgi_vesicle_budding', 'positive_regulation_of_intracellular_est...', 'negative_regulation_of_cell_proliferatio...', 'mitotic_cleavage_furrow_ingression', 'cardiac_conduction_system_development', 'cardiac_neural_crest_cell_migration_invo...', 'macrophage_differentiation', 'positive_regulation_of_pseudopodium_asse...', 'Cdc42_protein_signal_transduction', 'positive_regulation_of_pinocytosis', 'regulation_of_attachment_of_spindle_micr...', 'positive_regulation_of_epithelial_cell_p...', 'angiotensin-mediated_vasoconstriction_in...', 'alpha-beta_T_cell_lineage_commitment', 'regulation_of_systemic_arterial_blood_pr...', 'forebrain_radial_glial_cell_differentiat...', 'negative_regulation_of_intracellular_ste...', 'regulation_of_osteoblast_proliferation', 'Roundabout_signaling_pathway', 'apolipoprotein_A-I-mediated_signaling_pa...', 'apical_junction_assembly', 'beta_selection', 'ossification_involved_in_bone_maturation', 'positive_regulation_of_alpha-beta_T_cell...', 'positive_regulation_of_lipase_activity', 'trabecula_morphogenesis', 'negative_regulation_of_cell_migration_in...', 'negative_regulation_of_oxidative_phospho...', 'endothelial_tube_lumen_extension', 'skeletal_muscle_satellite_cell_migration', 'mitotic_cleavage_furrow_formation', 'positive_regulation_of_vascular_smooth_m...', 'regulation_of_neural_precursor_cell_prol...', 'cerebral_cortex_GABAergic_interneuron_de...', 'positive_regulation_of_cell_adhesion_med...', 'apical_constriction', 'positive_regulation_of_phosphatase_activ...', 'negative_regulation_of_phosphorylation', 'negative_regulation_of_membrane_protein_...', 'myoblast_migration', 'glomerular_visceral_epithelial_cell_migr...', 'regulation_of_amyloid-beta_formation', 'regulation_of_GTP_binding', 'positive_regulation_of_extrinsic_apoptot...', 'negative_regulation_of_cysteine-type_end...', 'regulation_of_hydrogen_peroxide_metaboli...', 'negative_regulation_of_fibroblast_migrat...', 'negative_regulation_of_interleukin-23_pr...', 'positive_regulation_of_Rho_protein_signa...', 'localization_within_membrane', 'regulation_of_respiratory_burst', 'interleukin-33-mediated_signaling_pathwa...', 'chromatin_silencing_at_rDNA', 'protein_deacetylation', 'mitotic_nuclear_envelope_reassembly', 'histone_deacetylation', 'heterochromatin_assembly', 'telomeric_heterochromatin_assembly', 'peptidyl-lysine_deacetylation', 'positive_regulation_of_DNA_binding', 'cellular_lipid_catabolic_process', 'NLRP3_inflammasome_complex_assembly', 'positive_regulation_of_fatty_acid_biosyn...', 'positive_regulation_of_meiotic_nuclear_d...', 'negative_regulation_of_striated_muscle_t...', 'response_to_redox_state', 'positive_regulation_of_attachment_of_spi...', 'negative_regulation_of_transcription_fro...', 'cellular_response_to_caloric_restriction', 'negative_regulation_of_oligodendrocyte_p...', 'positive_regulation_of_execution_phase_o...', 'positive_regulation_of_oocyte_maturation', 'positive_regulation_of_proteasomal_ubiqu...', 'regulation_of_microvillus_assembly', 'cell_morphogenesis_involved_in_neuron_di...', 'positive_regulation_of_1-phosphatidylino...', 'regulation_of_DNA_recombination', 'NLS-bearing_protein_import_into_nucleus', 'skeletal_muscle_satellite_cell_prolifera...', 'apoptotic_process']",['hypertension'],False
sgG2,30,26,0,0,"['calmodulin-dependent protein phosphatase activity', 'cyclosporin A binding', 'voltage-gated calcium channel activity involved in AV node cell action potential', 'calcium-dependent protein serine/threonine phosphatase activity', 'protein serine/threonine phosphatase activity', 'myosin phosphatase activity', 'voltage-gated calcium channel activity involved in cardiac muscle cell action potential', 'calmodulin binding']","['synaptic_vesicle_uncoating', 'calcineurin-mediated_signaling', 'calcineurin-NFAT_signaling_cascade', 'positive_regulation_of_calcineurin-NFAT_...', 'protein_dephosphorylation', 'synaptic_vesicle_endocytosis', 'negative_regulation_of_signaling', 'membrane_depolarization_during_AV_node_c...', 'membrane_depolarization_during_atrial_ca...', 'regulation_of_synaptic_vesicle_endocytos...', 'plasma_membrane_tubulation', 'T_cell_activation', 'skeletal_muscle_fiber_development', 'receptor-mediated_endocytosis', 'endocytosis']",['frontotemporal_dementia'],False
sgG2,15,32,0,0,"['GDP binding', 'G protein activity', 'GTP binding', 'GTPase activity', 'myosin V binding', 'Rab GDP-dissociation inhibitor activity', 'small GTPase binding']","['Rab_protein_signal_transduction', 'protein_transport', 'vesicle-mediated_transport', 'early_endosome_to_late_endosome_transpor...', 'antigen_processing_and_presentation', 'establishment_of_protein_localization_to...', 'plasma_membrane_to_endosome_transport', 'amyloid-beta_clearance_by_transcytosis', 'regulation_of_endocytic_recycling', 'multivesicular_body_assembly', 'protein_localization_to_Golgi_apparatus', 'endocytosis', 'ubiquitin-dependent_protein_catabolic_pr...', 'establishment_of_vesicle_localization', 'mitotic_metaphase_plate_congression', 'viral_release_from_host_cell']",[],False
sgG2,29,22,0,0,"['protein phosphatase regulator activity', 'protein tyrosine phosphatase activity', 'transmembrane receptor protein tyrosine phosphatase activity']","['synaptic_membrane_adhesion', 'protein_dephosphorylation', 'transmembrane_receptor_protein_tyrosine_...']",[],False
sgG2,5,43,0,0,"['molecular adaptor activity', 'protein heterodimerization activity', 'fibronectin binding', 'spectrin binding', 'calmodulin binding', 'GTP binding', 'virus receptor activity', 'protein dimerization activity', 'protease binding']","['cytoskeleton-dependent_cytokinesis', 'ER_to_Golgi_vesicle-mediated_transport', 'barbed-end_actin_filament_capping', 'protein_localization_to_plasma_membrane', 'leukocyte_migration', 'intracellular_pH_reduction', 'defense_response_to_bacterium', 'mesodermal_cell_differentiation', 'leukocyte_tethering_or_rolling', 'regulation_of_establishment_of_endotheli...', 'proton_transmembrane_transport', 'endosomal_lumen_acidification', 'lysosomal_lumen_acidification', 'positive_regulation_of_myoblast_fusion', 'positive_regulation_of_bone_mineralizati...', 'cell_adhesion_mediated_by_integrin', 'negative_regulation_of_Rho_protein_signa...', 'positive_regulation_of_aspartic-type_end...', 'phosphatidylinositol_metabolic_process', 'vacuolar_acidification', 'positive_regulation_of_protein_phosphory...', 'phosphatidylinositol-mediated_signaling', 'response_to_axon_injury', 'positive_regulation_of_protein_targeting...', 'negative_regulation_of_cytokine_producti...', 'positive_regulation_of_protein_binding', 'sodium_ion_transmembrane_transport', 'synaptic_vesicle_lumen_acidification', 'viral_entry_into_host_cell', 'cilium_assembly', 'positive_regulation_of_protein_localizat...', 'positive_regulation_of_neuron_projection...', 'positive_regulation_of_receptor_recyclin...', 'positive_regulation_of_wound_healing', 'cellular_calcium_ion_homeostasis', 'positive_regulation_of_cell_migration', 'regulation_of_exocytosis', 'plasma_membrane_fusion', 'growth_hormone_secretion', 'cargo_loading_into_COPII-coated_vesicle', 'calcium-independent_cell-matrix_adhesion', 'germ_cell_migration', 'regulation_of_collagen_catabolic_process', 'cell-cell_adhesion_mediated_by_integrin', 'wound_healing,_spreading_of_epidermal_ce...', 'myoblast_differentiation', 'cardiac_muscle_cell_myoblast_differentia...', 'cellular_response_to_low-density_lipopro...', 'regulation_of_inward_rectifier_potassium...', 'positive_regulation_of_hemoglobin_biosyn...', 'regulation_of_synaptic_transmission,_gly...', 'glycine_import_across_plasma_membrane', 'regulation_of_cytokine_production', 'Fc_receptor_mediated_stimulatory_signali...', 'tolerance_induction_to_self_antigen', 'negative_regulation_of_myeloid_leukocyte...', 'immune_response-regulating_cell_surface_...', 'Fc_receptor_mediated_inhibitory_signalin...', 'regulation_of_B_cell_apoptotic_process', 'response_to_sterol_depletion', 'response_to_carbohydrate', 'negative_regulation_of_B_cell_proliferat...', 'regulation_of_mast_cell_activation', 'negative_regulation_of_toll-like_recepto...', 'negative_regulation_of_toll-like_recepto...', 'regulation_of_mast_cell_degranulation', 'regulation_of_erythrocyte_differentiatio...', 'negative_regulation_of_immune_response', 'regulation_of_B_cell_receptor_signaling_...', 'positive_regulation_of_Fc_receptor_media...', 'positive_regulation_of_stress-activated_...', 'positive_regulation_of_oligodendrocyte_p...', 'positive_regulation_of_mast_cell_prolife...', 'regulation_of_monocyte_chemotaxis', 'dendritic_cell_differentiation', 'negative_regulation_of_intracellular_sig...', 'positive_regulation_of_dendritic_cell_ap...', 'positive_regulation_of_cholesterol_stora...', 'low-density_lipoprotein_particle_clearan...', 'positive_regulation_of_centrosome_duplic...', 'regulation_of_neurological_system_proces...', 'positive_regulation_of_connective_tissue...', 'centrosome_duplication', 'positive_regulation_of_fibroblast_growth...', 'regulation_of_cellular_response_to_hypox...', 'positive_regulation_of_amyloid_precursor...', 'dsRNA_transport', 'plasma_membrane_raft_assembly', 'plasma_membrane_raft_organization', 'cellular_response_to_exogenous_dsRNA', 'positive_regulation_of_cell_junction_ass...', 'positive_regulation_of_cell-cell_adhesio...', 'phosphatidylinositol_catabolic_process', 'inositol_trisphosphate_metabolic_process', 'fat_cell_differentiation', 'positive_regulation_of_developmental_gro...', 'activation_of_meiosis_involved_in_egg_ac...', 'regulation_of_fertilization', 'regulation_of_retrograde_trans-synaptic_...', 'cellular_response_to_fluoride', 'cellular_response_to_vasopressin', 'cellular_response_to_ionomycin', 'cellular_response_to_glyceraldehyde', 'positive_regulation_of_acrosome_reaction', 'negative_regulation_of_monocyte_extravas...', 'positive_regulation_of_CD24_biosynthetic...', 'presynapse_to_nucleus_signaling_pathway', 'presynaptic_active_zone_assembly', 'positive_regulation_of_establishment_of_...', 'T-helper_1_type_immune_response', 'defense_response_to_protozoan', 'adipose_tissue_development', 'oncogene-induced_cell_senescence', 'angiotensin_maturation', 'central_nervous_system_maturation', 'rostrocaudal_neural_tube_patterning', 'positive_regulation_of_transforming_grow...', 'eye_pigmentation', 'head_morphogenesis', 'sterol_transport', 'cholesterol_transport', 'ceramide_transport', 'negative_regulation_by_host_of_viral_gen...', 'endoplasmic_reticulum-plasma_membrane_te...', 'protein_localization_to_endoplasmic_reti...', 'COPII-coated_vesicle_budding', 'zinc_ion_transport', 'detoxification_of_zinc_ion', 'cadmium_ion_transmembrane_transport', 'negative_regulation_of_zinc_ion_transmem...', 'detoxification_of_cadmium_ion', 'negative_regulation_of_calcium_ion_impor...', 'regulation_of_transforming_growth_factor...', 'regulation_of_BMP_signaling_pathway', 'negative_regulation_of_cell_projection_o...', 'response_to_gonadotropin', 'skin_development', 'nephron_development', 'protein_localization_to_plasma_membrane_...', 'regulation_of_myoblast_differentiation', 'anterograde_dendritic_transport', 'regulation_of_motor_neuron_apoptotic_pro...', 'regulation_of_cellular_response_to_insul...', 'calcium_ion_export_across_plasma_membran...', 'regulation_of_systemic_arterial_blood_pr...', 'amino_acid_transport', 'leucine_transport', 'proline_transport', 'tryptophan_transport', 'thyroid_hormone_transport', 'leucine_import_across_plasma_membrane', 'L-leucine_import_across_plasma_membrane', 'lipid_transport', 'protein_palmitoylation', 'regulation_of_receptor_localization_to_s...', 'protein_folding_in_endoplasmic_reticulum', 'activation_of_blood_coagulation_via_clot...', 'positive_regulation_of_phagocytosis,_eng...', 'calcium_activated_phosphatidylserine_scr...', 'calcium_activated_phosphatidylcholine_sc...', 'positive_regulation_of_monocyte_chemotax...', 'phosphatidylserine_exposure_on_blood_pla...', 'positive_regulation_of_potassium_ion_exp...', 'protein_targeting_to_vacuole', 'synaptic_vesicle_coating', 'antigen_processing_and_presentation,_exo...', 'positive_regulation_of_NK_T_cell_differe...', 'regulation_of_heart_rate_by_chemical_sig...', 'regulation_of_nitric-oxide_synthase_acti...', 'regulation_of_cardiac_muscle_cell_action...', 'regulation_of_high_voltage-gated_calcium...', 'positive_regulation_of_delayed_rectifier...', 'positive_regulation_of_voltage-gated_pot...', 'positive_regulation_of_peptidyl-cysteine...', 'vesicle_fusion_with_Golgi_apparatus', 'spontaneous_synaptic_transmission', 'neurotransmitter_receptor_cycle', 'postsynaptic_neurotransmitter_receptor_c...', 'mevalonate_transport', 'behavioral_response_to_nutrient', 'succinate_transmembrane_transport', 'carboxylic_acid_transmembrane_transport', 'negative_regulation_of_cellular_response...']",[],False
sgG2,34,32,0,0,"['amyloid-beta binding', 'structural constituent of cytoskeleton']","['actin_filament_capping', 'positive_regulation_of_inhibitory_postsy...', 'multicellular_organism_growth', 'presynaptic_dense_core_vesicle_exocytosi...', 'neuromuscular_synaptic_transmission', 'neuronal_dense_core_vesicle_exocytosis', 'positive_regulation_of_dendrite_extensio...']",[],False
sgG2,13,23,4,3,"['MAP kinase kinase activity', 'protein serine kinase activity', 'protein serine/threonine kinase activity', 'MAP kinase activity', 'ATP binding', 'transcription coactivator binding', 'histone H3S10 kinase activity', 'histone H3S28 kinase activity', 'ubiquitin protein ligase binding', 'ribosomal protein S6 kinase activity', 'RNA polymerase II transcription regulatory region sequence-specific DNA binding', 'magnesium ion binding', 'ubiquitin ligase inhibitor activity', 'DNA binding', 'phosphatase binding', 'phosphotyrosine residue binding', 'mitogen-activated protein kinase p38 binding', 'NFAT protein binding', 'RNA polymerase II CTD heptapeptide repeat kinase activity', 'RNA polymerase II core promoter sequence-specific DNA binding', 'actinin binding', 'general transcription initiation factor binding', 'angiotensin receptor binding', 'MAP-kinase scaffold activity', 'polysome binding', 'histone H2AS1 kinase activity']","['apoptotic_process', 'cellular_response_to_tumor_necrosis_fact...', 'interleukin-1-mediated_signaling_pathway', 'regulation_of_ossification', 'thyroid_gland_development', 'regulation_of_stress-activated_MAPK_casc...', 'face_development', 'regulation_of_Golgi_inheritance', 'chemotaxis', 'intracellular_signal_transduction', 'Bergmann_glial_cell_differentiation', 'trachea_formation', 'ERK1_and_ERK2_cascade', 'regulation_of_early_endosome_to_late_end...', 'regulation_of_transcription,_DNA-templat...', 'protein_phosphorylation', 'stress-activated_MAPK_cascade', 'lipopolysaccharide-mediated_signaling_pa...', 'positive_regulation_of_gene_expression', 'insulin-like_growth_factor_receptor_sign...', 'cellular_response_to_lipoteichoic_acid', 'outer_ear_morphogenesis', 'cardiac_neural_crest_cell_development_in...', 'response_to_epidermal_growth_factor', 'positive_regulation_of_CREB_transcriptio...', 'thymus_development', 'peptidyl-serine_phosphorylation', 'cellular_senescence', 'positive_regulation_of_cyclase_activity', 'response_to_muramyl_dipeptide', 'positive_regulation_of_interleukin-12_pr...', 'response_to_muscle_stretch', 'signal_transduction_in_response_to_DNA_d...', 'cellular_response_to_ionizing_radiation', 'positive_regulation_of_telomere_capping', 'positive_regulation_of_macrophage_chemot...', 'regulation_of_cellular_pH', 'response_to_exogenous_dsRNA', 'lung_morphogenesis', 'caveolin-mediated_endocytosis', 'transcription,_DNA-templated', 'inflammatory_response', 'response_to_organic_substance', 'negative_regulation_of_ubiquitin_protein...', 'positive_regulation_of_transcription_by_...', 'positive_regulation_of_NF-kappaB_transcr...', 'cellular_response_to_vascular_endothelia...', 'cellular_response_to_cadmium_ion', ""3'-UTR-mediated_mRNA_stabilization"", 'positive_regulation_of_telomere_maintena...', 'positive_regulation_of_telomerase_activi...', 'negative_regulation_of_cytokine_producti...', 'cellular_response_to_amino_acid_starvati...', 'transcription_by_RNA_polymerase_II', 'positive_regulation_of_protein_serine/th...', 'regulation_of_cytoskeleton_organization', 'post-translational_protein_modification', 'negative_regulation_of_ubiquitin-depende...', 'regulation_of_transcription_by_RNA_polym...', 'cellular_response_to_reactive_oxygen_spe...', 'cell_cycle', 'phosphorylation', 'response_to_insulin', 'negative_regulation_of_protein_kinase_B_...', 'insulin_receptor_signaling_pathway', 'positive_regulation_of_ERK1_and_ERK2_cas...', 'cellular_response_to_lipopolysaccharide', 'chromatin_remodeling', 'DNA_damage_checkpoint', 'cartilage_condensation', 'transmembrane_receptor_protein_serine/th...', 'fatty_acid_oxidation', 'stress-activated_protein_kinase_signalin...', 'p38MAPK_cascade', 'cellular_response_to_UV-B', 'stress-induced_premature_senescence', 'regulation_of_cytokine_production_involv...', 'regulation_of_response_to_tumor_cell', 'cytosine_metabolic_process', 'ERBB_signaling_pathway', 'steroid_hormone_mediated_signaling_pathw...', 'regulation_of_entry_of_bacterium_into_ho...', 'acetaldehyde_metabolic_process', 'response_to_UV-B', 'positive_regulation_of_vascular_endothel...', 'positive_regulation_of_Schwann_cell_diff...', 'cellular_response_to_stress', 'response_to_cobalamin', 'nucleotide-binding_oligomerization_domai...', 'cellular_response_to_peptidoglycan', 'cellular_response_to_nicotine', 'regulation_of_NIK/NF-kappaB_signaling', 'negative_regulation_of_NIK/NF-kappaB_sig...', 'positive_regulation_of_transcription_fro...', 'negative_regulation_of_pri-miRNA_transcr...', 'cartilage_development', 'xenophagy', 'positive_regulation_of_xenophagy', 'desensitization_of_G_protein-coupled_rec...', 'negative_regulation_of_toll-like_recepto...', 'postsynaptic_signal_transduction', 'ribosomal_protein_import_into_nucleus', 'protein-DNA_complex_disassembly', 'G1_to_G0_transition', 'cellular_response_to_actinomycin_D', 'type_B_pancreatic_cell_proliferation', 'epithelial_cell_proliferation_involved_i...', 'placenta_blood_vessel_development', 'labyrinthine_layer_development', 'DNA_damage_response,_signal_transduction...', 'negative_regulation_of_embryonic_develop...', 'negative_regulation_of_mesoderm_developm...', 'spinal_cord_ventral_commissure_morphogen...', 'dorsal/ventral_axon_guidance', 'anterior/posterior_axon_guidance', 'membrane_raft_localization', 'ectopic_germ_cell_programmed_cell_death', 'negative_regulation_of_skeletal_muscle_t...', 'negative_regulation_of_reproductive_proc...', 'positive_regulation_of_stress_granule_as...']",[],False
sgG2,18,4,0,0,"['proton-transporting ATPase activity, rotational mechanism', 'ATPase binding', 'ATP hydrolysis activity', 'fructose-bisphosphate aldolase activity']","['synaptic_vesicle_lumen_acidification', 'regulation_of_macroautophagy']",[],False
sgG2,8,32,0,0,"['translation regulator activity', 'RNA binding', 'RNA 7-methylguanosine cap binding', 'RNA strand annealing activity', 'RNA cap binding', 'translation initiation factor binding', 'protein homodimerization activity']","['regulation_of_translation', 'regulation_of_alternative_mRNA_splicing,...', 'negative_regulation_of_translation']","['autistic_disorder', 'autism_spectrum_disorder']",False
sgG2,31,36,0,0,"['neurotrophin binding', 'transmembrane receptor protein tyrosine kinase activity', 'aspartic-type endopeptidase activity', 'tau protein binding', 'endopeptidase activity', 'aspartic endopeptidase activity, intramembrane cleaving', 'p53 binding', 'transcription cis-regulatory region binding', 'lipid binding', 'receptor ligand activity', 'PTB domain binding', 'brain-derived neurotrophic factor receptor activity', 'sodium channel inhibitor activity', 'amine binding', 'epidermal growth factor receptor activity', 'neuregulin receptor activity', 'copper ion binding', 'ferrous iron binding', 'oxidoreductase activity', 'acetylcholine receptor activator activity', 'ErbB-3 class receptor binding', 'peptidase activity', 'aspartic-type peptidase activity', 'glyceraldehyde-3-phosphate dehydrogenase (NAD+) (phosphorylating) activity', 'peptidyl-cysteine S-nitrosylase activity', 'lipid transporter activity', 'antioxidant activity', 'metal chelating activity', 'phosphatidylcholine-sterol O-acyltransferase activator activity', 'very-low-density lipoprotein particle receptor binding', 'lipoprotein particle binding', 'cholesterol transfer activity', 'cytokine activity', 'eukaryotic initiation factor eIF2 binding', 'neurotrophin receptor activity', 'nerve growth factor receptor activity', 'neurotensin receptor activity, non-G protein-coupled', 'nerve growth factor binding', 'phosphatidylethanolamine binding', 'galactose transmembrane transporter activity', 'glucose transmembrane transporter activity', 'glucose binding', 'dehydroascorbic acid transmembrane transporter activity', 'D-glucose transmembrane transporter activity', 'virus receptor activity']","['neuron_apoptotic_process', 'astrocyte_activation_involved_in_immune_...', 'extracellular_matrix_organization', 'oligodendrocyte_differentiation', 'positive_regulation_of_kinase_activity', 'central_nervous_system_neuron_developmen...', 'positive_regulation_of_amyloid_fibril_fo...', 'cholesterol_metabolic_process', 'astrocyte_activation', 'positive_regulation_of_inflammatory_resp...', 'smooth_endoplasmic_reticulum_calcium_ion...', 'neuron_projection_maintenance', 'neurotrophin_signaling_pathway', 'lysosomal_transport', 'receptor_catabolic_process', 'lactation', 'dopamine_biosynthetic_process', 'negative_regulation_of_microtubule_polym...', 'regulation_of_synaptic_vesicle_recycling', 'lipoprotein_catabolic_process', 'amyloid-beta_metabolic_process', 'negative_regulation_of_neuron_apoptotic_...', 'positive_regulation_of_peptidyl-serine_p...', 'multicellular_organism_development', 'Notch_signaling_pathway', 'transmembrane_receptor_protein_tyrosine_...', 'positive_regulation_of_neuron_apoptotic_...', 'regulation_of_gene_expression', 'ribosome_assembly', 'extrinsic_apoptotic_signaling_pathway_vi...', 'protein_targeting_to_lysosome', 'artery_morphogenesis', 'Schwann_cell_development', 'Notch_receptor_processing', 'amyloid-beta_formation', 'negative_regulation_of_endothelial_cell_...', 'neuron_projection_development', 'synaptic_vesicle_transport', 'adult_locomotory_behavior', 'positive_regulation_of_protein_phosphory...', 'positive_regulation_of_glycolytic_proces...', 'microglial_cell_activation', 'amyloid_fibril_formation', 'positive_regulation_of_catalytic_activit...', 'dopamine_uptake_involved_in_synaptic_tra...', 'regulation_of_protein_kinase_B_signaling', 'amyloid_precursor_protein_catabolic_proc...', 'regulation_of_macroautophagy', 'cellular_response_to_amyloid-beta', 'heart_development', 'skeletal_muscle_tissue_development', 'amyloid_precursor_protein_metabolic_proc...', 'neuronal_action_potential_propagation', 'positive_regulation_of_endocytosis', 'negative_regulation_of_axon_extension', 'negative_regulation_of_MAP_kinase_activi...', 'long-term_synaptic_potentiation', 'regulation_of_cell_migration', 'visual_learning', 'regulation_of_long-term_neuronal_synapti...', 'positive_regulation_of_protein_kinase_B_...', 'microtubule_cytoskeleton_organization', 'myelination_in_peripheral_nervous_system', 'cognition', 'neuron_cellular_homeostasis', 'negative_regulation_of_long-term_synapti...', 'glucose_import', 'protein_processing', 'synaptic_vesicle_exocytosis', 'positive_regulation_of_apoptotic_process', 'synapse_organization', 'positive_regulation_of_receptor_recyclin...', 'membrane_protein_ectodomain_proteolysis', 'post-embryonic_development', 'response_to_oxidative_stress', 'response_to_interleukin-1', 'locomotory_exploration_behavior', 'regulation_of_AMPA_receptor_activity', 'regulation_of_short-term_neuronal_synapt...', 'cell_adhesion', 'regulation_of_cell_cycle', 'negative_regulation_of_protein_kinase_ac...', 'proteolysis', 'suckling_behavior', 'regulation_of_epidermal_growth_factor-ac...', 'microglia_development', 'axon_midline_choice_point_recognition', 'neuron_remodeling', 'positive_regulation_of_chemokine_product...', 'collateral_sprouting_in_absence_of_injur...', 'synaptic_growth_at_neuromuscular_junctio...', 'brain-derived_neurotrophic_factor_recept...', 'mechanoreceptor_differentiation', 'retinal_rod_cell_development', 'peripheral_nervous_system_neuron_develop...', 'trans-synaptic_signaling_by_BDNF,_modula...', 'trans-synaptic_signaling_by_neuropeptide...', 'negative_regulation_of_sodium_ion_transp...', 'negative_regulation_of_vascular_endothel...', 'development_involved_in_symbiotic_intera...', 'viral_budding', 'positive_regulation_of_nucleocytoplasmic...', 'protein_K63-linked_ubiquitination', 'dopamine_uptake', 'central_nervous_system_morphogenesis', 'olfactory_bulb_interneuron_differentiati...', 'cardiac_muscle_tissue_regeneration', 'neutral_lipid_metabolic_process', 'phospholipid_metabolic_process', 'mitochondrial_membrane_organization', 'regulation_of_phospholipase_activity', 'negative_regulation_of_platelet-derived_...', 'response_to_magnesium_ion', 'negative_regulation_of_transporter_activ...', 'negative_regulation_of_monooxygenase_act...', 'response_to_interferon-gamma', 'mitochondrial_ATP_synthesis_coupled_elec...', 'regulation_of_macrophage_activation', 'regulation_of_acyl-CoA_biosynthetic_proc...', 'negative_regulation_of_dopamine_uptake_i...', 'negative_regulation_of_norepinephrine_up...', 'positive_regulation_of_inositol_phosphat...', 'negative_regulation_of_thrombin-activate...', 'negative_regulation_of_mitochondrial_ele...', 'positive_regulation_of_glutathione_perox...', 'positive_regulation_of_hydrogen_peroxide...', 'regulation_of_reactive_oxygen_species_bi...', 'negative_regulation_of_chaperone-mediate...', 'telencephalon_cell_migration', 'negative_regulation_of_axon_extension_in...', 'positive_regulation_of_transmission_of_n...', 'neuroblast_migration', 'regulation_of_transcription_involved_in_...', 'negative_regulation_of_protein_export_fr...', 'regulation_of_establishment_of_protein_l...', 'insulin_catabolic_process', 'respiratory_system_process', 'sensory_perception_of_touch', 'evoked_neurotransmitter_secretion', 'positive_regulation_of_regulated_secreto...', 'regulation_of_plasma_membrane_repair', 'positive_regulation_of_type_I_interferon...', 'peptidyl-cysteine_S-trans-nitrosylation', 'defense_response_to_fungus', 'killing_by_host_of_symbiont_cells', 'positive_regulation_of_TOR_signaling', 'regulation_of_semaphorin-plexin_signalin...', 'positive_regulation_of_L-glutamate_impor...', 'T_cell_activation_involved_in_immune_res...', 'choline_transport', 'Cajal-Retzius_cell_differentiation', 'dorsal/ventral_neural_tube_patterning', 'embryonic_limb_morphogenesis', 'myeloid_dendritic_cell_differentiation', 'positive_regulation_of_coagulation', 'sequestering_of_calcium_ion', 'negative_regulation_of_core_promoter_bin...', 'response_to_reactive_oxygen_species', 'triglyceride_metabolic_process', 'cholesterol_catabolic_process', 'negative_regulation_of_platelet_activati...', 'positive_regulation_of_cholesterol_efflu...', 'lipid_transport_involved_in_lipid_storag...', 'long-chain_fatty_acid_transport', 'negative_regulation_of_blood_coagulation', 'positive_regulation_of_low-density_lipop...', 'phospholipid_efflux', 'very-low-density_lipoprotein_particle_re...', 'low-density_lipoprotein_particle_remodel...', 'high-density_lipoprotein_particle_remode...', 'chylomicron_remnant_clearance', 'high-density_lipoprotein_particle_cleara...', 'very-low-density_lipoprotein_particle_cl...', 'lipoprotein_biosynthetic_process', 'negative_regulation_of_cholesterol_biosy...', 'negative_regulation_of_smooth_muscle_cel...', 'maintenance_of_location_in_cell', 'fatty_acid_homeostasis', 'response_to_caloric_restriction', 'triglyceride_homeostasis', 'triglyceride-rich_lipoprotein_particle_c...', 'intermediate-density_lipoprotein_particl...', 'regulation_of_cholesterol_metabolic_proc...', 'positive_regulation_of_cholesterol_metab...', 'negative_regulation_of_triglyceride_meta...', 'cellular_oxidant_detoxification', 'positive_regulation_of_dendritic_spine_m...', 'positive_regulation_of_phospholipid_effl...', 'positive_regulation_of_lipid_transport_a...', 'positive_regulation_of_heparan_sulfate_p...', 'regulation_of_cellular_response_to_very-...', 'regulation_of_amyloid_fibril_formation', 'regulation_of_calcium_import_into_the_mi...', 'mitochondrion-endoplasmic_reticulum_memb...', 'microglial_cell_activation_involved_in_i...', 'positive_regulation_of_inflammatory_resp...', 'positive_regulation_of_defense_response_...', 'negative_regulation_of_neutrophil_activa...', 'positive_regulation_of_protein_folding', 'positive_regulation_of_aspartic-type_pep...', 'positive_regulation_of_positive_chemotax...', 'regulation_of_AMPA_glutamate_receptor_cl...', 'myotube_differentiation', 'negative_regulation_of_lipoprotein_lipas...', 'metanephros_development', 'cell_communication', 'negative_regulation_of_Schwann_cell_prol...', 'Schwann_cell_proliferation', 'amygdala_development', 'forebrain_astrocyte_development', 'adrenal_gland_development', 'mast_cell_apoptotic_process', 'Schwann_cell_migration', 'regulation_of_blood_vessel_endothelial_c...', 'regulation_of_glial_cell_differentiation', 'negative_regulation_of_fibroblast_prolif...', 'sympathetic_nervous_system_development', 'negative_regulation_of_astrocyte_differe...', 'hair_follicle_maturation', 'gamma-aminobutyric_acid_secretion,_neuro...', 'glutamate_secretion,_neurotransmission', 'mast_cell_proliferation', 'observational_learning', 'negative_regulation_of_Schwann_cell_migr...', 'vascular_associated_smooth_muscle_cell_m...', 'negative_regulation_of_vascular_associat...', 'vascular_smooth_muscle_cell_proliferatio...', 'negative_regulation_of_stem_cell_prolife...', 'posttranscriptional_regulation_of_gene_e...', 'production_of_miRNAs_involved_in_gene_si...', 'regulation_of_chromosome_segregation', 'positive_regulation_of_RIG-I_signaling_p...', 'epithelial_cell-cell_adhesion', 'L-ascorbic_acid_metabolic_process', 'dehydroascorbic_acid_transport', 'glucose_transmembrane_transport', 'positive_regulation_of_anterograde_dense...', 'positive_regulation_of_anterograde_synap...', 'negative_regulation_of_microtubule_bindi...', 'dendrite_development', 'response_to_hypoxia', 'negative_regulation_of_amyloid-beta_form...', 'autophagosome_assembly']","['multiple_sclerosis', ""Alzheimer's_disease"", 'autistic_disorder', 'autism_spectrum_disorder', ""Parkinson's_disease"", ""Huntington's_disease"", 'bipolar_disorder', 'schizophrenia', 'frontotemporal_dementia']",False
sgG2,27,28,0,0,"['protein phosphatase 1 binding', 'translation initiation factor activity', 'RNA polymerase II-specific DNA-binding transcription factor binding', 'ubiquitin ligase-substrate adaptor activity', 'phosphatase activity']","['SCF-dependent_proteasomal_ubiquitin-depe...', 'circadian_regulation_of_gene_expression', 'entrainment_of_circadian_clock_by_photop...', 'response_to_kainic_acid', 'regulation_of_glycolytic_process']",[],False
sgG2,17,30,0,0,"['AMPA glutamate receptor activity', 'transmitter-gated monoatomic ion channel activity involved in regulation of postsynaptic membrane potential', 'ligand-gated monoatomic ion channel activity involved in regulation of presynaptic membrane potential', 'kainate selective glutamate receptor activity', 'growth factor binding', 'monoamine transmembrane transporter activity']","['glutamate_receptor_signaling_pathway', 'ion_transmembrane_transport', 'ionotropic_glutamate_receptor_signaling_...', 'monoamine_transport', 'synaptic_transmission,_glutamatergic', 'modulation_of_chemical_synaptic_transmis...', 'protein_localization_to_cell_junction']","['schizophrenia', 'bipolar_disorder']",False
sgG2,25,36,0,0,"['guanylate cyclase activity', 'inositol 1,4,5-trisphosphate-sensitive calcium-release channel activity', 'calcium-release channel activity', 'protein serine/threonine/tyrosine kinase activity', 'I-SMAD binding', 'nuclear estrogen receptor binding', 'protein serine/threonine kinase activity', 'ATP binding', 'protein phosphatase binding', 'inositol 1,4,5 trisphosphate binding', 'ribosomal protein S6 kinase activity', 'protein serine kinase activity', 'kinase activity', 'enzyme binding', 'heme binding', 'calcium ion binding', 'protein kinase activity', 'beta-catenin binding', 'RNA polymerase III type 1 promoter sequence-specific DNA binding', 'RNA polymerase III type 2 promoter sequence-specific DNA binding', 'RNA polymerase III type 3 promoter sequence-specific DNA binding', 'TFIIIC-class transcription factor complex binding', 'protein serine/threonine kinase inhibitor activity', 'potassium channel activator activity', 'transforming growth factor beta receptor binding', 'macrolide binding', 'FK506 binding', 'signaling receptor inhibitor activity', 'activin receptor binding', 'C5-methylcytidine-containing RNA reader activity', 'nuclear receptor binding', 'histone methyltransferase binding', 'histone deacetylase regulator activity', 'deubiquitinase activator activity', 'K48-linked polyubiquitin modification-dependent protein binding', 'ubiquitin-like protein ligase binding', 'ubiquitin-dependent protein binding', '5.8S rRNA binding', 'nitrate reductase activity', 'molybdopterin cofactor binding', 'molybdopterin adenylyltransferase activity', 'molybdopterin molybdotransferase activity', 'inositol 1,4,5-trisphosphate receptor activity involved in regulation of postsynaptic cytosolic calcium levels', 'adenylate cyclase activity', 'cytidylate cyclase activity', 'metal-dependent deubiquitinase activity', 'amide binding', 'sphingolipid binding', 'inositol hexakisphosphate binding', 'complement component C3a binding', 'complement component C3b binding', 'proteinase activated receptor binding', 'pre-mRNA intronic pyrimidine-rich binding', 'RNA polymerase II-specific DNA-binding transcription factor binding']","['negative_regulation_of_apoptotic_process', 'proteasome-mediated_ubiquitin-dependent_...', 'positive_regulation_of_smooth_muscle_cel...', 'regulation_of_myelination', 'TOR_signaling', 'positive_regulation_of_DNA-binding_trans...', 'positive_regulation_of_cell_differentiat...', 'negative_regulation_of_canonical_Wnt_sig...', 'peptidyl-serine_phosphorylation', 'behavioral_response_to_pain', 'positive_regulation_of_mitochondrial_mem...', 'cGMP_biosynthetic_process', 'blood_circulation', 'nitric_oxide-cGMP-mediated_signaling_pat...', 'response_to_oxygen_levels', 'activation_of_phospholipase_C_activity', 'RIG-I_signaling_pathway', 'positive_regulation_of_gene_expression', 'response_to_nutrient_levels', 'cellular_response_to_nutrient', 'anoikis', 'positive_regulation_of_translational_ini...', 'voluntary_musculoskeletal_movement', 'regulation_of_cellular_response_to_heat', 'negative_regulation_of_protein_localizat...', 'negative_regulation_of_phosphoprotein_ph...', 'positive_regulation_of_cell_division', 'CD40_signaling_pathway', 'cell_fate_specification', 'activation_of_protein_kinase_C_activity', 'cGMP-mediated_signaling', 'positive_regulation_of_cell_growth', 'positive_regulation_of_proteasomal_ubiqu...', 'response_to_heat', 'positive_regulation_of_lipid_biosyntheti...', 'regulation_of_signal_transduction_by_p53...', 'negative_regulation_of_cysteine-type_end...', 'cellular_response_to_growth_factor_stimu...', 'positive_regulation_of_immunoglobulin_pr...', 'B_cell_activation', 'positive_regulation_of_protein_complex_a...', 'nitric_oxide_mediated_signal_transductio...', 'regulation_of_circadian_rhythm', 'negative_regulation_of_protein_binding', 'heart_morphogenesis', 'positive_regulation_of_dendrite_developm...', 'germ_cell_development', 'macroautophagy', 'negative_regulation_of_macroautophagy', 'negative_regulation_of_calcineurin-NFAT_...', 'positive_regulation_of_protein_metabolic...', 'cellular_response_to_cadmium_ion', 'positive_regulation_of_TORC1_signaling', 'cell-cell_adhesion_mediated_by_cadherin', 'cellular_response_to_insulin_stimulus', 'peptidyl-threonine_phosphorylation', 'positive_regulation_of_protein_catabolic...', 'positive_regulation_of_oligodendrocyte_d...', 'positive_regulation_of_epithelial_to_mes...', 'cellular_response_to_amino_acid_starvati...', 'response_to_mechanical_stimulus', 'positive_regulation_of_NIK/NF-kappaB_sig...', 'cell-cell_junction_assembly', 'positive_regulation_of_transcription,_DN...', 'cell_morphogenesis', 'post-embryonic_development', 'negative_regulation_of_autophagy', 'oligodendrocyte_differentiation', 'response_to_oxidative_stress', 'I-kappaB_kinase/NF-kappaB_signaling', 'cellular_response_to_reactive_oxygen_spe...', 'cellular_response_to_retinoic_acid', 'negative_regulation_of_angiogenesis', 'G_protein-coupled_receptor_signaling_pat...', 'negative_regulation_of_transcription,_DN...', 'regulation_of_apoptotic_process', 'T_cell_costimulation', 'mitochondrion_organization', 'T-helper_1_cell_lineage_commitment', 'heart_valve_morphogenesis', 'energy_reserve_metabolic_process', ""'de_novo'_pyrimidine_nucleobase_biosynth..."", 'TORC1_signaling', 'regulation_of_osteoclast_differentiation', 'positive_regulation_of_transcription_by_...', 'cellular_response_to_leucine', 'cellular_response_to_osmotic_stress', 'regulation_of_membrane_permeability', 'positive_regulation_of_transcription_of_...', 'positive_regulation_of_wound_healing,_sp...', 'regulation_of_locomotor_rhythm', 'positive_regulation_of_cytoplasmic_trans...', 'negative_regulation_of_lysosome_organiza...', 'cellular_response_to_leucine_starvation', 'maternal_placenta_development', 'glycogen_biosynthetic_process', 'apoptotic_mitochondrial_changes', 'carbohydrate_transport', 'negative_regulation_of_plasma_membrane_l...', 'fibroblast_migration', 'evasion_or_tolerance_of_host_defenses_by...', 'peripheral_nervous_system_myelin_mainten...', 'interleukin-18-mediated_signaling_pathwa...', 'positive_regulation_of_fat_cell_differen...', 'positive_regulation_of_glycogen_biosynth...', 'positive_regulation_of_cyclin-dependent_...', 'negative_regulation_of_Notch_signaling_p...', 'response_to_growth_hormone', 'response_to_UV-A', 'response_to_growth_factor', 'maintenance_of_protein_location_in_mitoc...', 'cellular_response_to_granulocyte_macroph...', 'cellular_response_to_oxidised_low-densit...', 'positive_regulation_of_I-kappaB_phosphor...', 'response_to_insulin-like_growth_factor_s...', 'negative_regulation_of_extrinsic_apoptot...', 'skeletal_muscle_atrophy', 'response_to_electrical_stimulus_involved...', 'response_to_testosterone', 'response_to_glucagon', 'response_to_leucine', 'long-chain_fatty_acid_import', 'positive_regulation_of_skeletal_muscle_t...', ""'de_novo'_protein_folding"", 'ventricular_cardiac_muscle_tissue_morpho...', 'heart_trabecula_formation', 'leukocyte_chemotaxis_involved_in_inflamm...', 'positive_regulation_of_leukocyte_chemota...', 'response_to_auditory_stimulus', 'bone_mineralization', 'dendrite_regeneration', 'ossification_involved_in_bone_remodeling', 'positive_regulation_of_ossification', 'decidualization', 'dendrite_arborization', 'regulation_of_hemopoiesis', 'positive_regulation_of_hepatocyte_prolif...', 'positive_regulation_of_stem_cell_differe...', 'tRNA_transport', 'positive_regulation_of_mitochondrion_org...', 'negative_regulation_of_glycogen_biosynth...', 'regulation_of_protein_export_from_nucleu...', 'neuron_projection_organization', 'negative_regulation_of_protein_acetylati...', 'positive_regulation_of_protein_localizat...', 'negative_regulation_of_dopaminergic_neur...', 'positive_regulation_of_protein_localizat...', 'negative_regulation_of_type_B_pancreatic...', 'negative_regulation_of_glycogen_(starch)...', 'regulation_of_translation_in_response_to...', 'hepatocyte_proliferation', 'positive_regulation_of_hepatic_stellate_...', 'embryonic_axis_specification', 'endodermal_cell_fate_commitment', 'neural_plate_development', 'regulation_of_secondary_heart_field_card...', 'metanephros_morphogenesis', 'negative_regulation_of_mesenchymal_to_ep...', 'glial_cell_fate_determination', 'anterior/posterior_axis_specification', 'proximal/distal_pattern_formation', 'positive_regulation_of_heparan_sulfate_p...', 'hypothalamus_development', 'central_nervous_system_vasculogenesis', 'male_genitalia_development', 'hindbrain_development', 'regulation_of_centriole-centriole_cohesi...', 'hair_follicle_morphogenesis', 'negative_regulation_of_chondrocyte_diffe...', 'positive_regulation_of_transcription_elo...', 'genitalia_morphogenesis', 'embryonic_hindlimb_morphogenesis', 'hair_cell_differentiation', 'embryonic_skeletal_limb_joint_morphogene...', 'regulation_of_T_cell_proliferation', 'embryonic_digit_morphogenesis', 'canonical_Wnt_signaling_pathway_involved...', 'canonical_Wnt_signaling_pathway_involved...', 'positive_regulation_of_endothelial_cell_...', 'negative_regulation_of_mitotic_cell_cycl...', 'regulation_of_fibroblast_proliferation', 'cell_maturation', 'oocyte_development', 'embryonic_foregut_morphogenesis', 'regulation_of_smooth_muscle_cell_prolife...', 'smooth_muscle_cell_differentiation', 'regulation_of_timing_of_anagen', 'oviduct_development', 'lung-associated_mesenchyme_development', 'lung_induction', 'epithelial_cell_differentiation_involved...', 'epithelial_cell_proliferation_involved_i...', 'positive_regulation_of_epithelial_cell_p...', 'hair_follicle_placode_formation', 'establishment_of_blood-brain_barrier', 'mesenchymal_cell_proliferation_involved_...', 'positive_regulation_of_branching_involve...', 'fungiform_papilla_formation', 'canonical_Wnt_signaling_pathway_involved...', 'cranial_ganglion_development', 'regulation_of_centromeric_sister_chromat...', 'renal_vesicle_formation', 'renal_inner_medulla_development', 'renal_outer_medulla_development', 'nephron_tubule_formation', 'regulation_of_nephron_tubule_epithelial_...', 'mesenchymal_stem_cell_differentiation', 'acinar_cell_differentiation', 'negative_regulation_of_oxidative_stress-...', 'midbrain_dopaminergic_neuron_differentia...', 'canonical_Wnt_signaling_pathway_involved...', 'dorsal_root_ganglion_development', 'establishment_of_blood-retinal_barrier', 'positive_regulation_of_determination_of_...', 'positive_regulation_of_myoblast_prolifer...', 'JUN_phosphorylation', 'response_to_UV', 'positive_regulation_of_cell_killing', 'positive_regulation_of_protein_insertion...', 'regulation_of_DNA_replication_origin_bin...', 'phagocytosis,_recognition', 'apoptotic_cell_clearance', 'double-strand_break_repair', 'NADH_metabolic_process', 'proteasomal_protein_catabolic_process', 'translesion_synthesis', 'retrograde_protein_transport,_ER_to_cyto...', 'endosome_to_lysosome_transport_via_multi...', 'stress_granule_disassembly', 'interstrand_cross-link_repair', 'ERAD_pathway', 'negative_regulation_of_smoothened_signal...', 'mitotic_spindle_disassembly', 'endoplasmic_reticulum_stress-induced_pre...', 'aggresome_assembly', 'ER-associated_misfolded_protein_cataboli...', 'flavin_adenine_dinucleotide_catabolic_pr...', 'positive_regulation_of_protein_K63-linke...', 'positive_regulation_of_Lys63-specific_de...', 'regulation_of_aerobic_respiration', 'cellular_response_to_arsenite_ion', 'positive_regulation_of_oxidative_phospho...', 'positive_regulation_of_ATP_biosynthetic_...', 'relaxation_of_vascular_smooth_muscle', 'retrograde_trans-synaptic_signaling_by_n...', 'Mo-molybdopterin_cofactor_biosynthetic_p...', 'establishment_of_synaptic_specificity_at...', 'response_to_metal_ion', 'molybdenum_incorporation_into_molybdenum...', 'molybdopterin_cofactor_biosynthetic_proc...', 'glycine_receptor_clustering', 'epithelial_fluid_transport', 'negative_regulation_of_calcium-mediated_...', 'intrinsic_apoptotic_signaling_pathway_in...', 'trans-synaptic_signaling_by_nitric_oxide...', 'sister_chromatid_cohesion', 'intracellular_estrogen_receptor_signalin...', 'positive_regulation_of_exit_from_mitosis', 'negative_regulation_of_mammary_gland_epi...', 'mammary_gland_branching_involved_in_thel...', 'regulation_of_branching_involved_in_mamm...', 'regulation_of_cardiolipin_metabolic_proc...', 'positive_regulation_of_cell_cycle_G1/S_p...', 'regulation_of_cytochrome-c_oxidase_activ...', 'sensory_perception_of_taste', 'sensory_perception_of_bitter_taste', 'sensory_perception_of_sweet_taste', 'sensory_perception_of_umami_taste', 'negative_regulation_of_transcription_by_...', 'positive_regulation_of_complement_activa...', 'negative_regulation_of_androgen_receptor...', 'negative_regulation_of_glucocorticoid_re...', 'cytoplasmic_translational_elongation', 'positive_regulation_of_cell-cell_adhesio...', 'regeneration', 'regulation_of_translation_at_postsynapse', 'regulation_of_behavior', 'regulation_of_dense_core_granule_exocyto...', 'dense_core_granule_maturation', 'epithelial_to_mesenchymal_transition', 'release_of_sequestered_calcium_ion_into_...', 'cellular_response_to_hypoxia', 'insulin_receptor_signaling_pathway', 'positive_regulation_of_neuron_apoptotic_...']","[""Huntington's_disease"", ""Alzheimer's_disease""]",False
sgG2,22,11,0,0,"['frizzled binding', 'beta-catenin binding']","['canonical_Wnt_signaling_pathway', 'non-canonical_Wnt_signaling_pathway', 'planar_cell_polarity_pathway_involved_in...', 'cytoplasmic_microtubule_organization', 'positive_regulation_of_mRNA_binding', 'positive_regulation_of_neuron_projection...']",[],False
sgG2,2,28,0,0,"['cadherin binding', 'semaphorin receptor activity', 'vascular endothelial growth factor receptor activity', 'cytokine binding', 'growth factor binding', 'structural constituent of ribosome']","['endothelial_cell_migration', 'semaphorin-plexin_signaling_pathway', 'angiogenesis', 'outflow_tract_septum_morphogenesis', 'facial_nerve_structural_organization', 'vestibulocochlear_nerve_structural_organ...', 'gonadotrophin-releasing_hormone_neuronal...', 'ventral_trunk_neural_crest_cell_migratio...', 'negative_regulation_of_axon_extension_in...', 'axon_extension_involved_in_axon_guidance', 'dichotomous_subdivision_of_terminal_unit...', 'trigeminal_ganglion_development', 'sensory_neuron_axon_guidance', 'sympathetic_neuron_projection_extension', 'sympathetic_neuron_projection_guidance', 'neural_crest_cell_migration_involved_in_...', 'semaphorin-plexin_signaling_pathway_invo...', 'semaphorin-plexin_signaling_pathway_invo...', 'facioacoustic_ganglion_development', 'dorsal_root_ganglion_morphogenesis', 'sympathetic_ganglion_development', 'neural_crest_cell_migration', 'branching_involved_in_blood_vessel_morph...']",[],False
sgG2,12,33,0,0,"['phosphoserine residue binding', 'protein sequestering activity', 'metalloendopeptidase activity', 'insulin-like growth factor receptor binding', 'cytoskeletal motor activity', 'extracellular matrix structural constituent', 'transmembrane transporter binding']","['negative_regulation_of_TORC1_signaling', 'protein_targeting', 'anterograde_axonal_transport', 'potassium_ion_homeostasis', 'regulation_of_embryonic_development']",['epilepsy_syndrome'],False
sgG2,26,22,0,0,"['actin binding', 'hydrolase activity', 'small GTPase binding', 'structural constituent of postsynaptic actin cytoskeleton', 'profilin binding']","['actin_cytoskeleton_organization', 'modification_of_postsynaptic_actin_cytos...', 'positive_regulation_of_actin_filament_po...', 'retina_homeostasis', 'cell_motility', 'actin_filament_polymerization', 'actin_filament_bundle_assembly', 'positive_regulation_of_ATPase_activity', 'morphogenesis_of_a_polarized_epithelium']",[],False
sgG2,32,18,0,0,"['phosphatidylinositol 3-kinase binding', 'insulin receptor substrate binding', 'protein homodimerization activity', 'G-protein alpha-subunit binding', 'calmodulin-dependent protein kinase activity', 'protein kinase binding', 'insulin receptor activity', 'insulin-like growth factor receptor activity', 'insulin-like growth factor binding', 'insulin binding', 'protein transporter activity', 'nuclear receptor activity', 'primary miRNA binding', 'RNA sequestering activity', 'growth hormone receptor binding', 'interleukin-12 receptor binding', 'type 1 angiotensin receptor binding', 'histone H3Y41 kinase activity', 'peptide hormone receptor binding', 'acetylcholine binding', 'structural constituent of synapse-associated extracellular matrix', 'myosin heavy chain binding', 'calcium-dependent protein serine/threonine kinase activity', 'monoatomic ion transmembrane transporter activity', 'alpha2-adrenergic receptor activity', 'alpha-1B adrenergic receptor binding', 'alpha-2C adrenergic receptor binding', 'epinephrine binding', 'norepinephrine binding', 'channel regulator activity', 'cyclin-dependent protein serine/threonine kinase activator activity', 'G-protein beta/gamma-subunit complex binding', 'kinase activity', 'ionotropic glutamate receptor binding', 'identical protein binding', 'insulin-like growth factor I binding', 'DNA-binding transcription activator activity, RNA polymerase II-specific', '5S rRNA binding', 'group II metabotropic glutamate receptor activity', 'protein tyrosine kinase activity']","['positive_regulation_of_cell_migration', 'G_protein-coupled_receptor_signaling_pat...', 'G_protein-coupled_acetylcholine_receptor...', 'JAK-STAT_cascade', 'cellular_response_to_hormone_stimulus', 'regulation_of_calcium_ion_transport', 'protein_autophosphorylation', 'positive_regulation_of_cold-induced_ther...', 'positive_regulation_of_JAK-STAT_cascade', 'growth_hormone_receptor_signaling_pathwa...', 'JAK-STAT_cascade_involved_in_growth_horm...', 'interleukin-6-mediated_signaling_pathway', 'positive_regulation_of_T_cell_proliferat...', 'platelet-derived_growth_factor_receptor_...', 'positive_regulation_of_vascular_smooth_m...', 'negative_regulation_of_calcium_ion-depen...', 'positive_regulation_of_MAPK_cascade', 'cellular_response_to_dexamethasone_stimu...', 'positive_regulation_of_interleukin-1_bet...', 'regulation_of_neuron_migration', 'immune_response', 'cytokine-mediated_signaling_pathway', 'negative_regulation_of_adenylate_cyclase...', 'cell_proliferation', 'glucose_homeostasis', 'adenylate_cyclase-inhibiting_G_protein-c...', 'long-term_memory', 'cerebellum_development', 'cell_differentiation', 'protein_kinase_B_signaling', 'adenylate_cyclase-activating_G_protein-c...', 'positive_regulation_of_tumor_necrosis_fa...', 'cardiac_atrium_development', 'response_to_vitamin_E', 'positive_regulation_of_protein_complex_d...', 'response_to_alkaloid', 'positive_regulation_of_DNA_metabolic_pro...', 'positive_regulation_of_steroid_hormone_b...', 'amyloid-beta_clearance', 'negative_regulation_of_hepatocyte_apopto...', 'cellular_response_to_aldosterone', 'negative_regulation_of_cholangiocyte_apo...', 'positive_regulation_of_cardiac_muscle_ce...', 'cellular_response_to_interferon-beta', 'angiotensin-activated_signaling_pathway', 'regulation_of_mitochondrial_membrane_per...', 'peptidyl-threonine_autophosphorylation', 'regulation_of_endocannabinoid_signaling_...', 'eye_photoreceptor_cell_differentiation', 'defense_response', 'sexual_reproduction', 'intracellular_receptor_signaling_pathway', 'leptin-mediated_signaling_pathway', 'somatic_stem_cell_population_maintenance', 'interleukin-2-mediated_signaling_pathway', 'interleukin-9-mediated_signaling_pathway', 'interleukin-11-mediated_signaling_pathwa...', 'eating_behavior', 'response_to_leptin', 'retinal_rod_cell_differentiation', 'T-helper_17_cell_lineage_commitment', 'cellular_response_to_interleukin-17', 'positive_regulation_of_metalloendopeptid...', 'negative_regulation_of_primary_miRNA_pro...', 'enzyme_linked_receptor_protein_signaling...', 'tyrosine_phosphorylation_of_STAT_protein', 'negative_regulation_of_cardiac_muscle_ce...', 'response_to_amine', 'mineralocorticoid_receptor_signaling_pat...', 'positive_regulation_of_natural_killer_ce...', 'response_to_hydroperoxide', 'host_programmed_cell_death_induced_by_sy...', 'post-embryonic_hemopoiesis', 'collagen-activated_signaling_pathway', 'positive_regulation_of_MHC_class_II_bios...', 'positive_regulation_of_NK_T_cell_prolife...', 'interferon-gamma-mediated_signaling_path...', 'positive_regulation_of_SMAD_protein_sign...', 'positive_regulation_of_growth_hormone_re...', 'mammary_gland_epithelium_development', 'positive_regulation_of_leukocyte_prolife...', 'response_to_interleukin-12', 'interleukin-35-mediated_signaling_pathwa...', 'activation_of_cysteine-type_endopeptidas...', 'positive_regulation_of_platelet_aggregat...', 'positive_regulation_of_growth_factor_dep...', 'positive_regulation_of_epithelial_cell_a...', 'regulation_of_postsynapse_to_nucleus_sig...', 'positive_regulation_of_T-helper_17_type_...', 'regulation_of_ion_transmembrane_transpor...', 'metanephric_glomerular_visceral_epitheli...', 'metanephric_glomerular_basement_membrane...', 'epithelial_cell_migration', 'leukocyte_chemotaxis', 'negative_regulation_of_vesicle_fusion', 'uropod_organization', 'negative_regulation_of_actin_nucleation', 'early_endosome_to_recycling_endosome_tra...', 'regulation_of_skeletal_muscle_adaptation', 'spindle_organization', 'zygote_asymmetric_cell_division', 'regulation_of_response_to_drug', 'DNA_replication', 'negative_regulation_of_norepinephrine_se...', 'regulation_of_vasoconstriction', 'receptor_transactivation', 'fear_response', 'positive_regulation_of_epidermal_growth_...', 'intestinal_absorption', 'thermoception', 'negative_regulation_of_lipid_catabolic_p...', 'negative_regulation_of_insulin_secretion...', 'negative_regulation_of_uterine_smooth_mu...', 'adrenergic_receptor_signaling_pathway', 'adenylate_cyclase-inhibiting_adrenergic_...', 'phospholipase_C-activating_adrenergic_re...', 'eye_blink_reflex', 'positive_regulation_of_protein_localizat...', 'embryo_development_ending_in_birth_or_eg...', 'superior_olivary_nucleus_maturation', 'adenosine_receptor_signaling_pathway', 'signal_transduction', 'positive_regulation_of_insulin_secretion', 'regulation_of_neuronal_synaptic_plastici...', 'peptidyl-serine_phosphorylation', 'calcium_ion_transport', 'neuromuscular_junction_development', 'positive_regulation_of_cell_proliferatio...', 'regulation_of_dendritic_spine_morphogene...', 'positive_regulation_of_protein_kinase_B_...', 'positive_regulation_of_NF-kappaB_transcr...', 'hippocampus_development', 'positive_regulation_of_platelet_activati...', 'mRNA_transcription_by_RNA_polymerase_II', 'positive_regulation_of_neural_precursor_...', 'neurotransmitter_receptor_internalizatio...', 'negative_regulation_of_muscle_cell_apopt...', 'positive_regulation_of_osteoblast_prolif...', 'estrous_cycle', 'cellular_response_to_progesterone_stimul...', 'cellular_response_to_testosterone_stimul...', 'cellular_response_to_insulin-like_growth...', 'regulation_of_multicellular_organism_gro...', 'positive_regulation_of_erythrocyte_diffe...', 'positive_regulation_of_urine_volume', 'negative_regulation_of_neuron_migration', 'negative_regulation_of_hydrolase_activit...', 'negative_regulation_of_glycolytic_proces...', 'negative_regulation_of_inflammatory_resp...', 'regulation_of_JAK-STAT_cascade', 'vesicle-mediated_intercellular_transport', 'cellular_response_to_interleukin-3', 'response_to_antibiotic', 'mesoderm_development', 'positive_regulation_of_signaling_recepto...', 'regulation_of_cyclin-dependent_protein_s...', 'regulation_of_glutamate_secretion', 'interleukin-5-mediated_signaling_pathway', 'axon_extension_involved_in_regeneration', 'positive_regulation_of_interleukin-10_pr...', 'interleukin-15-mediated_signaling_pathwa...', 'cellular_response_to_leptin_stimulus', 'astrocyte_differentiation', 'regulation_of_feeding_behavior', 'T-helper_17_type_immune_response', 'positive_regulation_of_pri-miRNA_transcr...', 'positive_regulation_of_vascular_endothel...', 'negative_regulation_of_stem_cell_differe...', 'negative_regulation_of_calcium_ion_trans...', 'membrane_hyperpolarization', 'positive_regulation_of_interleukin-17_pr...', 'interleukin-12-mediated_signaling_pathwa...', 'activation_of_Janus_kinase_activity', 'negative_regulation_of_DNA_binding', 'regulation_of_long-term_synaptic_depress...', 'female_pregnancy', 'positive_regulation_of_superoxide_anion_...', 'positive_regulation_of_smooth_muscle_con...', 'natural_killer_cell_degranulation', 'anterior/posterior_pattern_specification', 'acetylcholine_receptor_signaling_pathway', 'negative_regulation_of_epinephrine_secre...', 'regulation_of_vascular_smooth_muscle_con...', 'synaptic_transmission,_cholinergic', 'saliva_secretion', 'negative_regulation_of_apoptotic_signali...', 'astrocyte_development', 'negative_regulation_of_calcium_ion_trans...', 'phagolysosome_assembly', 'cellular_response_to_interleukin-4', 'negative_regulation_of_protein_neddylati...', 'activation_of_protein_kinase_B_activity', 'negative_regulation_of_G_protein-coupled...', 'glutamate_homeostasis', 'negative_regulation_of_adenylate_cyclase...', 'neurotransmitter_receptor_transport,_pos...', 'endoderm_development', 'presynaptic_modulation_of_chemical_synap...', 'nervous_system_development']",['hypertension'],False
sgG2,9,5,0,0,[],['Rap_protein_signal_transduction'],[],False
sgG2,7,38,0,0,"['structural constituent of muscle', 'vinculin binding', 'ribosome binding', 'hydrolase activity, acting on carbon-nitrogen (but not peptide) bonds, in cyclic amides', 'extracellular matrix binding', 'structural constituent of cytoskeleton', 'nuclear receptor coactivator activity', 'protein heterodimerization activity', 'dystroglycan binding', 'mRNA regulatory element binding translation repressor activity', 'calcium ion binding']","['microtubule_cytoskeleton_organization', 'muscle_cell_development', 'neuron_development', 'microtubule-based_process', 'synaptic_signaling', 'neurofilament_bundle_assembly', 'negative_regulation_of_cytoplasmic_trans...', 'anatomical_structure_development']",[],False
sgG2,24,32,0,0,[],"['negative_regulation_of_dopamine_secretio...', 'positive_regulation_of_growth_hormone_se...', 'light_adaption', 'endoplasmic_reticulum_tubular_network_fo...']",[],False
sgG2,20,4,0,0,['calcium-dependent protein binding'],[],[],False
sgG2,33,17,0,0,[],[],[],False
sgG2,10,6,0,0,[],[],[],False
